low_res,high_res
1_2.jpg,1.jpg
2_2.jpg,2.jpg
3_2.jpg,3.jpg
4_2.jpg,4.jpg
5_2.jpg,5.jpg
6_2.jpg,6.jpg
7_2.jpg,7.jpg
8_2.jpg,8.jpg
9_2.jpg,9.jpg
10_2.jpg,10.jpg
11_2.jpg,11.jpg
12_2.jpg,12.jpg
13_2.jpg,13.jpg
14_2.jpg,14.jpg
15_2.jpg,15.jpg
16_2.jpg,16.jpg
17_2.jpg,17.jpg
18_2.jpg,18.jpg
19_2.jpg,19.jpg
20_2.jpg,20.jpg
21_2.jpg,21.jpg
22_2.jpg,22.jpg
23_2.jpg,23.jpg
24_2.jpg,24.jpg
25_2.jpg,25.jpg
26_2.jpg,26.jpg
27_2.jpg,27.jpg
28_2.jpg,28.jpg
29_2.jpg,29.jpg
30_2.jpg,30.jpg
31_2.jpg,31.jpg
32_2.jpg,32.jpg
33_2.jpg,33.jpg
34_2.jpg,34.jpg
35_2.jpg,35.jpg
36_2.jpg,36.jpg
37_2.jpg,37.jpg
38_2.jpg,38.jpg
39_2.jpg,39.jpg
40_2.jpg,40.jpg
41_2.jpg,41.jpg
42_2.jpg,42.jpg
43_2.jpg,43.jpg
44_2.jpg,44.jpg
45_2.jpg,45.jpg
46_2.jpg,46.jpg
47_2.jpg,47.jpg
48_2.jpg,48.jpg
49_2.jpg,49.jpg
50_2.jpg,50.jpg
51_2.jpg,51.jpg
52_2.jpg,52.jpg
53_2.jpg,53.jpg
54_2.jpg,54.jpg
55_2.jpg,55.jpg
56_2.jpg,56.jpg
57_2.jpg,57.jpg
58_2.jpg,58.jpg
59_2.jpg,59.jpg
60_2.jpg,60.jpg
61_2.jpg,61.jpg
62_2.jpg,62.jpg
63_2.jpg,63.jpg
64_2.jpg,64.jpg
65_2.jpg,65.jpg
66_2.jpg,66.jpg
67_2.jpg,67.jpg
68_2.jpg,68.jpg
69_2.jpg,69.jpg
70_2.jpg,70.jpg
71_2.jpg,71.jpg
72_2.jpg,72.jpg
73_2.jpg,73.jpg
74_2.jpg,74.jpg
75_2.jpg,75.jpg
76_2.jpg,76.jpg
77_2.jpg,77.jpg
78_2.jpg,78.jpg
79_2.jpg,79.jpg
80_2.jpg,80.jpg
81_2.jpg,81.jpg
82_2.jpg,82.jpg
83_2.jpg,83.jpg
84_2.jpg,84.jpg
85_2.jpg,85.jpg
86_2.jpg,86.jpg
87_2.jpg,87.jpg
88_2.jpg,88.jpg
89_2.jpg,89.jpg
90_2.jpg,90.jpg
91_2.jpg,91.jpg
92_2.jpg,92.jpg
93_2.jpg,93.jpg
94_2.jpg,94.jpg
95_2.jpg,95.jpg
96_2.jpg,96.jpg
97_2.jpg,97.jpg
98_2.jpg,98.jpg
99_2.jpg,99.jpg
100_2.jpg,100.jpg
101_2.jpg,101.jpg
102_2.jpg,102.jpg
103_2.jpg,103.jpg
104_2.jpg,104.jpg
105_2.jpg,105.jpg
106_2.jpg,106.jpg
107_2.jpg,107.jpg
108_2.jpg,108.jpg
109_2.jpg,109.jpg
110_2.jpg,110.jpg
111_2.jpg,111.jpg
112_2.jpg,112.jpg
113_2.jpg,113.jpg
114_2.jpg,114.jpg
115_2.jpg,115.jpg
116_2.jpg,116.jpg
117_2.jpg,117.jpg
118_2.jpg,118.jpg
119_2.jpg,119.jpg
120_2.jpg,120.jpg
121_2.jpg,121.jpg
122_2.jpg,122.jpg
123_2.jpg,123.jpg
124_2.jpg,124.jpg
125_2.jpg,125.jpg
126_2.jpg,126.jpg
127_2.jpg,127.jpg
128_2.jpg,128.jpg
129_2.jpg,129.jpg
130_2.jpg,130.jpg
131_2.jpg,131.jpg
132_2.jpg,132.jpg
133_2.jpg,133.jpg
134_2.jpg,134.jpg
135_2.jpg,135.jpg
136_2.jpg,136.jpg
137_2.jpg,137.jpg
138_2.jpg,138.jpg
139_2.jpg,139.jpg
140_2.jpg,140.jpg
141_2.jpg,141.jpg
142_2.jpg,142.jpg
143_2.jpg,143.jpg
144_2.jpg,144.jpg
145_2.jpg,145.jpg
146_2.jpg,146.jpg
147_2.jpg,147.jpg
148_2.jpg,148.jpg
149_2.jpg,149.jpg
150_2.jpg,150.jpg
151_2.jpg,151.jpg
152_2.jpg,152.jpg
153_2.jpg,153.jpg
154_2.jpg,154.jpg
155_2.jpg,155.jpg
156_2.jpg,156.jpg
157_2.jpg,157.jpg
158_2.jpg,158.jpg
159_2.jpg,159.jpg
160_2.jpg,160.jpg
161_2.jpg,161.jpg
162_2.jpg,162.jpg
163_2.jpg,163.jpg
164_2.jpg,164.jpg
165_2.jpg,165.jpg
166_2.jpg,166.jpg
167_2.jpg,167.jpg
168_2.jpg,168.jpg
169_2.jpg,169.jpg
170_2.jpg,170.jpg
171_2.jpg,171.jpg
172_2.jpg,172.jpg
173_2.jpg,173.jpg
174_2.jpg,174.jpg
175_2.jpg,175.jpg
176_2.jpg,176.jpg
177_2.jpg,177.jpg
178_2.jpg,178.jpg
179_2.jpg,179.jpg
180_2.jpg,180.jpg
181_2.jpg,181.jpg
182_2.jpg,182.jpg
183_2.jpg,183.jpg
184_2.jpg,184.jpg
185_2.jpg,185.jpg
186_2.jpg,186.jpg
187_2.jpg,187.jpg
188_2.jpg,188.jpg
189_2.jpg,189.jpg
190_2.jpg,190.jpg
191_2.jpg,191.jpg
192_2.jpg,192.jpg
193_2.jpg,193.jpg
194_2.jpg,194.jpg
195_2.jpg,195.jpg
196_2.jpg,196.jpg
197_2.jpg,197.jpg
198_2.jpg,198.jpg
199_2.jpg,199.jpg
200_2.jpg,200.jpg
201_2.jpg,201.jpg
202_2.jpg,202.jpg
203_2.jpg,203.jpg
204_2.jpg,204.jpg
205_2.jpg,205.jpg
206_2.jpg,206.jpg
207_2.jpg,207.jpg
208_2.jpg,208.jpg
209_2.jpg,209.jpg
210_2.jpg,210.jpg
211_2.jpg,211.jpg
212_2.jpg,212.jpg
213_2.jpg,213.jpg
214_2.jpg,214.jpg
215_2.jpg,215.jpg
216_2.jpg,216.jpg
217_2.jpg,217.jpg
218_2.jpg,218.jpg
219_2.jpg,219.jpg
220_2.jpg,220.jpg
221_2.jpg,221.jpg
222_2.jpg,222.jpg
223_2.jpg,223.jpg
224_2.jpg,224.jpg
225_2.jpg,225.jpg
226_2.jpg,226.jpg
227_2.jpg,227.jpg
228_2.jpg,228.jpg
229_2.jpg,229.jpg
230_2.jpg,230.jpg
231_2.jpg,231.jpg
232_2.jpg,232.jpg
233_2.jpg,233.jpg
234_2.jpg,234.jpg
235_2.jpg,235.jpg
236_2.jpg,236.jpg
237_2.jpg,237.jpg
238_2.jpg,238.jpg
239_2.jpg,239.jpg
240_2.jpg,240.jpg
241_2.jpg,241.jpg
242_2.jpg,242.jpg
243_2.jpg,243.jpg
244_2.jpg,244.jpg
245_2.jpg,245.jpg
246_2.jpg,246.jpg
247_2.jpg,247.jpg
248_2.jpg,248.jpg
249_2.jpg,249.jpg
250_2.jpg,250.jpg
251_2.jpg,251.jpg
252_2.jpg,252.jpg
253_2.jpg,253.jpg
254_2.jpg,254.jpg
255_2.jpg,255.jpg
256_2.jpg,256.jpg
257_2.jpg,257.jpg
258_2.jpg,258.jpg
259_2.jpg,259.jpg
260_2.jpg,260.jpg
261_2.jpg,261.jpg
262_2.jpg,262.jpg
263_2.jpg,263.jpg
264_2.jpg,264.jpg
265_2.jpg,265.jpg
266_2.jpg,266.jpg
267_2.jpg,267.jpg
268_2.jpg,268.jpg
269_2.jpg,269.jpg
270_2.jpg,270.jpg
271_2.jpg,271.jpg
272_2.jpg,272.jpg
273_2.jpg,273.jpg
274_2.jpg,274.jpg
275_2.jpg,275.jpg
276_2.jpg,276.jpg
277_2.jpg,277.jpg
278_2.jpg,278.jpg
279_2.jpg,279.jpg
280_2.jpg,280.jpg
281_2.jpg,281.jpg
282_2.jpg,282.jpg
283_2.jpg,283.jpg
284_2.jpg,284.jpg
285_2.jpg,285.jpg
286_2.jpg,286.jpg
287_2.jpg,287.jpg
288_2.jpg,288.jpg
289_2.jpg,289.jpg
290_2.jpg,290.jpg
291_2.jpg,291.jpg
292_2.jpg,292.jpg
293_2.jpg,293.jpg
294_2.jpg,294.jpg
295_2.jpg,295.jpg
296_2.jpg,296.jpg
297_2.jpg,297.jpg
298_2.jpg,298.jpg
299_2.jpg,299.jpg
300_2.jpg,300.jpg
301_2.jpg,301.jpg
302_2.jpg,302.jpg
303_2.jpg,303.jpg
304_2.jpg,304.jpg
305_2.jpg,305.jpg
306_2.jpg,306.jpg
307_2.jpg,307.jpg
308_2.jpg,308.jpg
309_2.jpg,309.jpg
310_2.jpg,310.jpg
311_2.jpg,311.jpg
312_2.jpg,312.jpg
313_2.jpg,313.jpg
314_2.jpg,314.jpg
315_2.jpg,315.jpg
316_2.jpg,316.jpg
317_2.jpg,317.jpg
318_2.jpg,318.jpg
319_2.jpg,319.jpg
320_2.jpg,320.jpg
321_2.jpg,321.jpg
322_2.jpg,322.jpg
323_2.jpg,323.jpg
324_2.jpg,324.jpg
325_2.jpg,325.jpg
326_2.jpg,326.jpg
327_2.jpg,327.jpg
328_2.jpg,328.jpg
329_2.jpg,329.jpg
330_2.jpg,330.jpg
331_2.jpg,331.jpg
332_2.jpg,332.jpg
333_2.jpg,333.jpg
334_2.jpg,334.jpg
335_2.jpg,335.jpg
336_2.jpg,336.jpg
337_2.jpg,337.jpg
338_2.jpg,338.jpg
339_2.jpg,339.jpg
340_2.jpg,340.jpg
341_2.jpg,341.jpg
342_2.jpg,342.jpg
343_2.jpg,343.jpg
344_2.jpg,344.jpg
345_2.jpg,345.jpg
346_2.jpg,346.jpg
347_2.jpg,347.jpg
348_2.jpg,348.jpg
349_2.jpg,349.jpg
350_2.jpg,350.jpg
351_2.jpg,351.jpg
352_2.jpg,352.jpg
353_2.jpg,353.jpg
354_2.jpg,354.jpg
355_2.jpg,355.jpg
356_2.jpg,356.jpg
357_2.jpg,357.jpg
358_2.jpg,358.jpg
359_2.jpg,359.jpg
360_2.jpg,360.jpg
361_2.jpg,361.jpg
362_2.jpg,362.jpg
363_2.jpg,363.jpg
364_2.jpg,364.jpg
365_2.jpg,365.jpg
366_2.jpg,366.jpg
367_2.jpg,367.jpg
368_2.jpg,368.jpg
369_2.jpg,369.jpg
370_2.jpg,370.jpg
371_2.jpg,371.jpg
372_2.jpg,372.jpg
373_2.jpg,373.jpg
374_2.jpg,374.jpg
375_2.jpg,375.jpg
376_2.jpg,376.jpg
377_2.jpg,377.jpg
378_2.jpg,378.jpg
379_2.jpg,379.jpg
380_2.jpg,380.jpg
381_2.jpg,381.jpg
382_2.jpg,382.jpg
383_2.jpg,383.jpg
384_2.jpg,384.jpg
385_2.jpg,385.jpg
386_2.jpg,386.jpg
387_2.jpg,387.jpg
388_2.jpg,388.jpg
389_2.jpg,389.jpg
390_2.jpg,390.jpg
391_2.jpg,391.jpg
392_2.jpg,392.jpg
393_2.jpg,393.jpg
394_2.jpg,394.jpg
395_2.jpg,395.jpg
396_2.jpg,396.jpg
397_2.jpg,397.jpg
398_2.jpg,398.jpg
399_2.jpg,399.jpg
400_2.jpg,400.jpg
401_2.jpg,401.jpg
402_2.jpg,402.jpg
403_2.jpg,403.jpg
404_2.jpg,404.jpg
405_2.jpg,405.jpg
406_2.jpg,406.jpg
407_2.jpg,407.jpg
408_2.jpg,408.jpg
409_2.jpg,409.jpg
410_2.jpg,410.jpg
411_2.jpg,411.jpg
412_2.jpg,412.jpg
413_2.jpg,413.jpg
414_2.jpg,414.jpg
415_2.jpg,415.jpg
416_2.jpg,416.jpg
417_2.jpg,417.jpg
418_2.jpg,418.jpg
419_2.jpg,419.jpg
420_2.jpg,420.jpg
421_2.jpg,421.jpg
422_2.jpg,422.jpg
423_2.jpg,423.jpg
424_2.jpg,424.jpg
425_2.jpg,425.jpg
426_2.jpg,426.jpg
427_2.jpg,427.jpg
428_2.jpg,428.jpg
429_2.jpg,429.jpg
430_2.jpg,430.jpg
431_2.jpg,431.jpg
432_2.jpg,432.jpg
433_2.jpg,433.jpg
434_2.jpg,434.jpg
435_2.jpg,435.jpg
436_2.jpg,436.jpg
437_2.jpg,437.jpg
438_2.jpg,438.jpg
439_2.jpg,439.jpg
440_2.jpg,440.jpg
441_2.jpg,441.jpg
442_2.jpg,442.jpg
443_2.jpg,443.jpg
444_2.jpg,444.jpg
445_2.jpg,445.jpg
446_2.jpg,446.jpg
447_2.jpg,447.jpg
448_2.jpg,448.jpg
449_2.jpg,449.jpg
450_2.jpg,450.jpg
451_2.jpg,451.jpg
452_2.jpg,452.jpg
453_2.jpg,453.jpg
454_2.jpg,454.jpg
455_2.jpg,455.jpg
456_2.jpg,456.jpg
457_2.jpg,457.jpg
458_2.jpg,458.jpg
459_2.jpg,459.jpg
460_2.jpg,460.jpg
461_2.jpg,461.jpg
462_2.jpg,462.jpg
463_2.jpg,463.jpg
464_2.jpg,464.jpg
465_2.jpg,465.jpg
466_2.jpg,466.jpg
467_2.jpg,467.jpg
468_2.jpg,468.jpg
469_2.jpg,469.jpg
470_2.jpg,470.jpg
471_2.jpg,471.jpg
472_2.jpg,472.jpg
473_2.jpg,473.jpg
474_2.jpg,474.jpg
475_2.jpg,475.jpg
476_2.jpg,476.jpg
477_2.jpg,477.jpg
478_2.jpg,478.jpg
479_2.jpg,479.jpg
480_2.jpg,480.jpg
481_2.jpg,481.jpg
482_2.jpg,482.jpg
483_2.jpg,483.jpg
484_2.jpg,484.jpg
485_2.jpg,485.jpg
486_2.jpg,486.jpg
487_2.jpg,487.jpg
488_2.jpg,488.jpg
489_2.jpg,489.jpg
490_2.jpg,490.jpg
491_2.jpg,491.jpg
492_2.jpg,492.jpg
493_2.jpg,493.jpg
494_2.jpg,494.jpg
495_2.jpg,495.jpg
496_2.jpg,496.jpg
497_2.jpg,497.jpg
498_2.jpg,498.jpg
499_2.jpg,499.jpg
500_2.jpg,500.jpg
501_2.jpg,501.jpg
502_2.jpg,502.jpg
503_2.jpg,503.jpg
504_2.jpg,504.jpg
505_2.jpg,505.jpg
506_2.jpg,506.jpg
507_2.jpg,507.jpg
508_2.jpg,508.jpg
509_2.jpg,509.jpg
510_2.jpg,510.jpg
511_2.jpg,511.jpg
512_2.jpg,512.jpg
513_2.jpg,513.jpg
514_2.jpg,514.jpg
515_2.jpg,515.jpg
516_2.jpg,516.jpg
517_2.jpg,517.jpg
518_2.jpg,518.jpg
519_2.jpg,519.jpg
520_2.jpg,520.jpg
521_2.jpg,521.jpg
522_2.jpg,522.jpg
523_2.jpg,523.jpg
524_2.jpg,524.jpg
525_2.jpg,525.jpg
526_2.jpg,526.jpg
527_2.jpg,527.jpg
528_2.jpg,528.jpg
529_2.jpg,529.jpg
530_2.jpg,530.jpg
531_2.jpg,531.jpg
532_2.jpg,532.jpg
533_2.jpg,533.jpg
534_2.jpg,534.jpg
535_2.jpg,535.jpg
536_2.jpg,536.jpg
537_2.jpg,537.jpg
538_2.jpg,538.jpg
539_2.jpg,539.jpg
540_2.jpg,540.jpg
541_2.jpg,541.jpg
542_2.jpg,542.jpg
543_2.jpg,543.jpg
544_2.jpg,544.jpg
545_2.jpg,545.jpg
546_2.jpg,546.jpg
547_2.jpg,547.jpg
548_2.jpg,548.jpg
549_2.jpg,549.jpg
550_2.jpg,550.jpg
551_2.jpg,551.jpg
552_2.jpg,552.jpg
553_2.jpg,553.jpg
554_2.jpg,554.jpg
555_2.jpg,555.jpg
556_2.jpg,556.jpg
557_2.jpg,557.jpg
558_2.jpg,558.jpg
559_2.jpg,559.jpg
560_2.jpg,560.jpg
561_2.jpg,561.jpg
562_2.jpg,562.jpg
563_2.jpg,563.jpg
564_2.jpg,564.jpg
565_2.jpg,565.jpg
566_2.jpg,566.jpg
567_2.jpg,567.jpg
568_2.jpg,568.jpg
569_2.jpg,569.jpg
570_2.jpg,570.jpg
571_2.jpg,571.jpg
572_2.jpg,572.jpg
573_2.jpg,573.jpg
574_2.jpg,574.jpg
575_2.jpg,575.jpg
576_2.jpg,576.jpg
577_2.jpg,577.jpg
578_2.jpg,578.jpg
579_2.jpg,579.jpg
580_2.jpg,580.jpg
581_2.jpg,581.jpg
582_2.jpg,582.jpg
583_2.jpg,583.jpg
584_2.jpg,584.jpg
585_2.jpg,585.jpg
586_2.jpg,586.jpg
587_2.jpg,587.jpg
588_2.jpg,588.jpg
589_2.jpg,589.jpg
590_2.jpg,590.jpg
591_2.jpg,591.jpg
592_2.jpg,592.jpg
593_2.jpg,593.jpg
594_2.jpg,594.jpg
595_2.jpg,595.jpg
596_2.jpg,596.jpg
597_2.jpg,597.jpg
598_2.jpg,598.jpg
599_2.jpg,599.jpg
600_2.jpg,600.jpg
601_2.jpg,601.jpg
602_2.jpg,602.jpg
603_2.jpg,603.jpg
604_2.jpg,604.jpg
605_2.jpg,605.jpg
606_2.jpg,606.jpg
607_2.jpg,607.jpg
608_2.jpg,608.jpg
609_2.jpg,609.jpg
610_2.jpg,610.jpg
611_2.jpg,611.jpg
612_2.jpg,612.jpg
613_2.jpg,613.jpg
614_2.jpg,614.jpg
615_2.jpg,615.jpg
616_2.jpg,616.jpg
617_2.jpg,617.jpg
618_2.jpg,618.jpg
619_2.jpg,619.jpg
620_2.jpg,620.jpg
621_2.jpg,621.jpg
622_2.jpg,622.jpg
623_2.jpg,623.jpg
624_2.jpg,624.jpg
625_2.jpg,625.jpg
626_2.jpg,626.jpg
627_2.jpg,627.jpg
628_2.jpg,628.jpg
629_2.jpg,629.jpg
630_2.jpg,630.jpg
631_2.jpg,631.jpg
632_2.jpg,632.jpg
633_2.jpg,633.jpg
634_2.jpg,634.jpg
635_2.jpg,635.jpg
636_2.jpg,636.jpg
637_2.jpg,637.jpg
638_2.jpg,638.jpg
639_2.jpg,639.jpg
640_2.jpg,640.jpg
641_2.jpg,641.jpg
642_2.jpg,642.jpg
643_2.jpg,643.jpg
644_2.jpg,644.jpg
645_2.jpg,645.jpg
646_2.jpg,646.jpg
647_2.jpg,647.jpg
648_2.jpg,648.jpg
649_2.jpg,649.jpg
650_2.jpg,650.jpg
651_2.jpg,651.jpg
652_2.jpg,652.jpg
653_2.jpg,653.jpg
654_2.jpg,654.jpg
655_2.jpg,655.jpg
656_2.jpg,656.jpg
657_2.jpg,657.jpg
658_2.jpg,658.jpg
659_2.jpg,659.jpg
660_2.jpg,660.jpg
661_2.jpg,661.jpg
662_2.jpg,662.jpg
663_2.jpg,663.jpg
664_2.jpg,664.jpg
665_2.jpg,665.jpg
666_2.jpg,666.jpg
667_2.jpg,667.jpg
668_2.jpg,668.jpg
669_2.jpg,669.jpg
670_2.jpg,670.jpg
671_2.jpg,671.jpg
672_2.jpg,672.jpg
673_2.jpg,673.jpg
674_2.jpg,674.jpg
675_2.jpg,675.jpg
676_2.jpg,676.jpg
677_2.jpg,677.jpg
678_2.jpg,678.jpg
679_2.jpg,679.jpg
680_2.jpg,680.jpg
681_2.jpg,681.jpg
682_2.jpg,682.jpg
683_2.jpg,683.jpg
684_2.jpg,684.jpg
685_2.jpg,685.jpg
686_2.jpg,686.jpg
687_2.jpg,687.jpg
688_2.jpg,688.jpg
689_2.jpg,689.jpg
690_2.jpg,690.jpg
691_2.jpg,691.jpg
692_2.jpg,692.jpg
693_2.jpg,693.jpg
694_2.jpg,694.jpg
695_2.jpg,695.jpg
696_2.jpg,696.jpg
697_2.jpg,697.jpg
698_2.jpg,698.jpg
699_2.jpg,699.jpg
700_2.jpg,700.jpg
701_2.jpg,701.jpg
702_2.jpg,702.jpg
703_2.jpg,703.jpg
704_2.jpg,704.jpg
705_2.jpg,705.jpg
706_2.jpg,706.jpg
707_2.jpg,707.jpg
708_2.jpg,708.jpg
709_2.jpg,709.jpg
710_2.jpg,710.jpg
711_2.jpg,711.jpg
712_2.jpg,712.jpg
713_2.jpg,713.jpg
714_2.jpg,714.jpg
715_2.jpg,715.jpg
716_2.jpg,716.jpg
717_2.jpg,717.jpg
718_2.jpg,718.jpg
719_2.jpg,719.jpg
720_2.jpg,720.jpg
721_2.jpg,721.jpg
722_2.jpg,722.jpg
723_2.jpg,723.jpg
724_2.jpg,724.jpg
725_2.jpg,725.jpg
726_2.jpg,726.jpg
727_2.jpg,727.jpg
728_2.jpg,728.jpg
729_2.jpg,729.jpg
730_2.jpg,730.jpg
731_2.jpg,731.jpg
732_2.jpg,732.jpg
733_2.jpg,733.jpg
734_2.jpg,734.jpg
735_2.jpg,735.jpg
736_2.jpg,736.jpg
737_2.jpg,737.jpg
738_2.jpg,738.jpg
739_2.jpg,739.jpg
740_2.jpg,740.jpg
741_2.jpg,741.jpg
742_2.jpg,742.jpg
743_2.jpg,743.jpg
744_2.jpg,744.jpg
745_2.jpg,745.jpg
746_2.jpg,746.jpg
747_2.jpg,747.jpg
748_2.jpg,748.jpg
749_2.jpg,749.jpg
750_2.jpg,750.jpg
751_2.jpg,751.jpg
752_2.jpg,752.jpg
753_2.jpg,753.jpg
754_2.jpg,754.jpg
755_2.jpg,755.jpg
756_2.jpg,756.jpg
757_2.jpg,757.jpg
758_2.jpg,758.jpg
759_2.jpg,759.jpg
760_2.jpg,760.jpg
761_2.jpg,761.jpg
762_2.jpg,762.jpg
763_2.jpg,763.jpg
764_2.jpg,764.jpg
765_2.jpg,765.jpg
766_2.jpg,766.jpg
767_2.jpg,767.jpg
768_2.jpg,768.jpg
769_2.jpg,769.jpg
770_2.jpg,770.jpg
771_2.jpg,771.jpg
772_2.jpg,772.jpg
773_2.jpg,773.jpg
774_2.jpg,774.jpg
775_2.jpg,775.jpg
776_2.jpg,776.jpg
777_2.jpg,777.jpg
778_2.jpg,778.jpg
779_2.jpg,779.jpg
780_2.jpg,780.jpg
781_2.jpg,781.jpg
782_2.jpg,782.jpg
783_2.jpg,783.jpg
784_2.jpg,784.jpg
785_2.jpg,785.jpg
786_2.jpg,786.jpg
787_2.jpg,787.jpg
788_2.jpg,788.jpg
789_2.jpg,789.jpg
790_2.jpg,790.jpg
791_2.jpg,791.jpg
792_2.jpg,792.jpg
793_2.jpg,793.jpg
794_2.jpg,794.jpg
795_2.jpg,795.jpg
796_2.jpg,796.jpg
797_2.jpg,797.jpg
798_2.jpg,798.jpg
799_2.jpg,799.jpg
800_2.jpg,800.jpg
801_2.jpg,801.jpg
802_2.jpg,802.jpg
803_2.jpg,803.jpg
804_2.jpg,804.jpg
805_2.jpg,805.jpg
806_2.jpg,806.jpg
807_2.jpg,807.jpg
808_2.jpg,808.jpg
809_2.jpg,809.jpg
810_2.jpg,810.jpg
811_2.jpg,811.jpg
812_2.jpg,812.jpg
813_2.jpg,813.jpg
814_2.jpg,814.jpg
815_2.jpg,815.jpg
816_2.jpg,816.jpg
817_2.jpg,817.jpg
818_2.jpg,818.jpg
819_2.jpg,819.jpg
820_2.jpg,820.jpg
821_2.jpg,821.jpg
822_2.jpg,822.jpg
823_2.jpg,823.jpg
824_2.jpg,824.jpg
825_2.jpg,825.jpg
826_2.jpg,826.jpg
827_2.jpg,827.jpg
828_2.jpg,828.jpg
829_2.jpg,829.jpg
830_2.jpg,830.jpg
831_2.jpg,831.jpg
832_2.jpg,832.jpg
833_2.jpg,833.jpg
834_2.jpg,834.jpg
835_2.jpg,835.jpg
836_2.jpg,836.jpg
837_2.jpg,837.jpg
838_2.jpg,838.jpg
839_2.jpg,839.jpg
840_2.jpg,840.jpg
841_2.jpg,841.jpg
842_2.jpg,842.jpg
843_2.jpg,843.jpg
844_2.jpg,844.jpg
845_2.jpg,845.jpg
846_2.jpg,846.jpg
847_2.jpg,847.jpg
848_2.jpg,848.jpg
849_2.jpg,849.jpg
850_2.jpg,850.jpg
851_2.jpg,851.jpg
852_2.jpg,852.jpg
853_2.jpg,853.jpg
854_2.jpg,854.jpg
855_2.jpg,855.jpg
856_2.jpg,856.jpg
857_2.jpg,857.jpg
858_2.jpg,858.jpg
859_2.jpg,859.jpg
860_2.jpg,860.jpg
861_2.jpg,861.jpg
862_2.jpg,862.jpg
863_2.jpg,863.jpg
864_2.jpg,864.jpg
865_2.jpg,865.jpg
866_2.jpg,866.jpg
867_2.jpg,867.jpg
868_2.jpg,868.jpg
869_2.jpg,869.jpg
870_2.jpg,870.jpg
871_2.jpg,871.jpg
872_2.jpg,872.jpg
873_2.jpg,873.jpg
874_2.jpg,874.jpg
875_2.jpg,875.jpg
876_2.jpg,876.jpg
877_2.jpg,877.jpg
878_2.jpg,878.jpg
879_2.jpg,879.jpg
880_2.jpg,880.jpg
881_2.jpg,881.jpg
882_2.jpg,882.jpg
883_2.jpg,883.jpg
884_2.jpg,884.jpg
885_2.jpg,885.jpg
886_2.jpg,886.jpg
887_2.jpg,887.jpg
888_2.jpg,888.jpg
889_2.jpg,889.jpg
890_2.jpg,890.jpg
891_2.jpg,891.jpg
892_2.jpg,892.jpg
893_2.jpg,893.jpg
894_2.jpg,894.jpg
895_2.jpg,895.jpg
896_2.jpg,896.jpg
897_2.jpg,897.jpg
898_2.jpg,898.jpg
899_2.jpg,899.jpg
900_2.jpg,900.jpg
901_2.jpg,901.jpg
902_2.jpg,902.jpg
903_2.jpg,903.jpg
904_2.jpg,904.jpg
905_2.jpg,905.jpg
906_2.jpg,906.jpg
907_2.jpg,907.jpg
908_2.jpg,908.jpg
909_2.jpg,909.jpg
910_2.jpg,910.jpg
911_2.jpg,911.jpg
912_2.jpg,912.jpg
913_2.jpg,913.jpg
914_2.jpg,914.jpg
915_2.jpg,915.jpg
916_2.jpg,916.jpg
917_2.jpg,917.jpg
918_2.jpg,918.jpg
919_2.jpg,919.jpg
920_2.jpg,920.jpg
921_2.jpg,921.jpg
922_2.jpg,922.jpg
923_2.jpg,923.jpg
924_2.jpg,924.jpg
925_2.jpg,925.jpg
926_2.jpg,926.jpg
927_2.jpg,927.jpg
928_2.jpg,928.jpg
929_2.jpg,929.jpg
930_2.jpg,930.jpg
931_2.jpg,931.jpg
932_2.jpg,932.jpg
933_2.jpg,933.jpg
934_2.jpg,934.jpg
935_2.jpg,935.jpg
936_2.jpg,936.jpg
937_2.jpg,937.jpg
938_2.jpg,938.jpg
939_2.jpg,939.jpg
940_2.jpg,940.jpg
941_2.jpg,941.jpg
942_2.jpg,942.jpg
943_2.jpg,943.jpg
944_2.jpg,944.jpg
945_2.jpg,945.jpg
946_2.jpg,946.jpg
947_2.jpg,947.jpg
948_2.jpg,948.jpg
949_2.jpg,949.jpg
950_2.jpg,950.jpg
951_2.jpg,951.jpg
952_2.jpg,952.jpg
953_2.jpg,953.jpg
954_2.jpg,954.jpg
955_2.jpg,955.jpg
956_2.jpg,956.jpg
957_2.jpg,957.jpg
958_2.jpg,958.jpg
959_2.jpg,959.jpg
960_2.jpg,960.jpg
961_2.jpg,961.jpg
962_2.jpg,962.jpg
963_2.jpg,963.jpg
964_2.jpg,964.jpg
965_2.jpg,965.jpg
966_2.jpg,966.jpg
967_2.jpg,967.jpg
968_2.jpg,968.jpg
969_2.jpg,969.jpg
970_2.jpg,970.jpg
971_2.jpg,971.jpg
972_2.jpg,972.jpg
973_2.jpg,973.jpg
974_2.jpg,974.jpg
975_2.jpg,975.jpg
976_2.jpg,976.jpg
977_2.jpg,977.jpg
978_2.jpg,978.jpg
979_2.jpg,979.jpg
980_2.jpg,980.jpg
981_2.jpg,981.jpg
982_2.jpg,982.jpg
983_2.jpg,983.jpg
984_2.jpg,984.jpg
985_2.jpg,985.jpg
986_2.jpg,986.jpg
987_2.jpg,987.jpg
988_2.jpg,988.jpg
989_2.jpg,989.jpg
990_2.jpg,990.jpg
991_2.jpg,991.jpg
992_2.jpg,992.jpg
993_2.jpg,993.jpg
994_2.jpg,994.jpg
995_2.jpg,995.jpg
996_2.jpg,996.jpg
997_2.jpg,997.jpg
998_2.jpg,998.jpg
999_2.jpg,999.jpg
1000_2.jpg,1000.jpg
1001_2.jpg,1001.jpg
1002_2.jpg,1002.jpg
1003_2.jpg,1003.jpg
1004_2.jpg,1004.jpg
1005_2.jpg,1005.jpg
1006_2.jpg,1006.jpg
1007_2.jpg,1007.jpg
1008_2.jpg,1008.jpg
1009_2.jpg,1009.jpg
1010_2.jpg,1010.jpg
1011_2.jpg,1011.jpg
1012_2.jpg,1012.jpg
1013_2.jpg,1013.jpg
1014_2.jpg,1014.jpg
1015_2.jpg,1015.jpg
1016_2.jpg,1016.jpg
1017_2.jpg,1017.jpg
1018_2.jpg,1018.jpg
1019_2.jpg,1019.jpg
1020_2.jpg,1020.jpg
1021_2.jpg,1021.jpg
1022_2.jpg,1022.jpg
1023_2.jpg,1023.jpg
1024_2.jpg,1024.jpg
1025_2.jpg,1025.jpg
1026_2.jpg,1026.jpg
1027_2.jpg,1027.jpg
1028_2.jpg,1028.jpg
1029_2.jpg,1029.jpg
1030_2.jpg,1030.jpg
1031_2.jpg,1031.jpg
1032_2.jpg,1032.jpg
1033_2.jpg,1033.jpg
1034_2.jpg,1034.jpg
1035_2.jpg,1035.jpg
1036_2.jpg,1036.jpg
1037_2.jpg,1037.jpg
1038_2.jpg,1038.jpg
1039_2.jpg,1039.jpg
1040_2.jpg,1040.jpg
1041_2.jpg,1041.jpg
1042_2.jpg,1042.jpg
1043_2.jpg,1043.jpg
1044_2.jpg,1044.jpg
1045_2.jpg,1045.jpg
1046_2.jpg,1046.jpg
1047_2.jpg,1047.jpg
1048_2.jpg,1048.jpg
1049_2.jpg,1049.jpg
1050_2.jpg,1050.jpg
1051_2.jpg,1051.jpg
1052_2.jpg,1052.jpg
1053_2.jpg,1053.jpg
1054_2.jpg,1054.jpg
1055_2.jpg,1055.jpg
1056_2.jpg,1056.jpg
1057_2.jpg,1057.jpg
1058_2.jpg,1058.jpg
1059_2.jpg,1059.jpg
1060_2.jpg,1060.jpg
1061_2.jpg,1061.jpg
1062_2.jpg,1062.jpg
1063_2.jpg,1063.jpg
1064_2.jpg,1064.jpg
1065_2.jpg,1065.jpg
1066_2.jpg,1066.jpg
1067_2.jpg,1067.jpg
1068_2.jpg,1068.jpg
1069_2.jpg,1069.jpg
1070_2.jpg,1070.jpg
1071_2.jpg,1071.jpg
1072_2.jpg,1072.jpg
1073_2.jpg,1073.jpg
1074_2.jpg,1074.jpg
1075_2.jpg,1075.jpg
1076_2.jpg,1076.jpg
1077_2.jpg,1077.jpg
1078_2.jpg,1078.jpg
1079_2.jpg,1079.jpg
1080_2.jpg,1080.jpg
1081_2.jpg,1081.jpg
1082_2.jpg,1082.jpg
1083_2.jpg,1083.jpg
1084_2.jpg,1084.jpg
1085_2.jpg,1085.jpg
1086_2.jpg,1086.jpg
1087_2.jpg,1087.jpg
1088_2.jpg,1088.jpg
1089_2.jpg,1089.jpg
1090_2.jpg,1090.jpg
1091_2.jpg,1091.jpg
1092_2.jpg,1092.jpg
1093_2.jpg,1093.jpg
1094_2.jpg,1094.jpg
1095_2.jpg,1095.jpg
1096_2.jpg,1096.jpg
1097_2.jpg,1097.jpg
1098_2.jpg,1098.jpg
1099_2.jpg,1099.jpg
1100_2.jpg,1100.jpg
1101_2.jpg,1101.jpg
1102_2.jpg,1102.jpg
1103_2.jpg,1103.jpg
1104_2.jpg,1104.jpg
1105_2.jpg,1105.jpg
1106_2.jpg,1106.jpg
1107_2.jpg,1107.jpg
1108_2.jpg,1108.jpg
1109_2.jpg,1109.jpg
1110_2.jpg,1110.jpg
1111_2.jpg,1111.jpg
1112_2.jpg,1112.jpg
1113_2.jpg,1113.jpg
1114_2.jpg,1114.jpg
1115_2.jpg,1115.jpg
1116_2.jpg,1116.jpg
1117_2.jpg,1117.jpg
1118_2.jpg,1118.jpg
1119_2.jpg,1119.jpg
1120_2.jpg,1120.jpg
1121_2.jpg,1121.jpg
1122_2.jpg,1122.jpg
1123_2.jpg,1123.jpg
1124_2.jpg,1124.jpg
1125_2.jpg,1125.jpg
1126_2.jpg,1126.jpg
1127_2.jpg,1127.jpg
1128_2.jpg,1128.jpg
1129_2.jpg,1129.jpg
1130_2.jpg,1130.jpg
1131_2.jpg,1131.jpg
1132_2.jpg,1132.jpg
1133_2.jpg,1133.jpg
1134_2.jpg,1134.jpg
1135_2.jpg,1135.jpg
1136_2.jpg,1136.jpg
1137_2.jpg,1137.jpg
1138_2.jpg,1138.jpg
1139_2.jpg,1139.jpg
1140_2.jpg,1140.jpg
1141_2.jpg,1141.jpg
1142_2.jpg,1142.jpg
1143_2.jpg,1143.jpg
1144_2.jpg,1144.jpg
1145_2.jpg,1145.jpg
1146_2.jpg,1146.jpg
1147_2.jpg,1147.jpg
1148_2.jpg,1148.jpg
1149_2.jpg,1149.jpg
1150_2.jpg,1150.jpg
1151_2.jpg,1151.jpg
1152_2.jpg,1152.jpg
1153_2.jpg,1153.jpg
1154_2.jpg,1154.jpg
1155_2.jpg,1155.jpg
1156_2.jpg,1156.jpg
1157_2.jpg,1157.jpg
1158_2.jpg,1158.jpg
1159_2.jpg,1159.jpg
1160_2.jpg,1160.jpg
1161_2.jpg,1161.jpg
1162_2.jpg,1162.jpg
1163_2.jpg,1163.jpg
1164_2.jpg,1164.jpg
1165_2.jpg,1165.jpg
1166_2.jpg,1166.jpg
1167_2.jpg,1167.jpg
1168_2.jpg,1168.jpg
1169_2.jpg,1169.jpg
1170_2.jpg,1170.jpg
1171_2.jpg,1171.jpg
1172_2.jpg,1172.jpg
1173_2.jpg,1173.jpg
1174_2.jpg,1174.jpg
1175_2.jpg,1175.jpg
1176_2.jpg,1176.jpg
1177_2.jpg,1177.jpg
1178_2.jpg,1178.jpg
1179_2.jpg,1179.jpg
1180_2.jpg,1180.jpg
1181_2.jpg,1181.jpg
1182_2.jpg,1182.jpg
1183_2.jpg,1183.jpg
1184_2.jpg,1184.jpg
1185_2.jpg,1185.jpg
1186_2.jpg,1186.jpg
1187_2.jpg,1187.jpg
1188_2.jpg,1188.jpg
1189_2.jpg,1189.jpg
1190_2.jpg,1190.jpg
1191_2.jpg,1191.jpg
1192_2.jpg,1192.jpg
1193_2.jpg,1193.jpg
1194_2.jpg,1194.jpg
1195_2.jpg,1195.jpg
1196_2.jpg,1196.jpg
1197_2.jpg,1197.jpg
1198_2.jpg,1198.jpg
1199_2.jpg,1199.jpg
1200_2.jpg,1200.jpg
1201_2.jpg,1201.jpg
1202_2.jpg,1202.jpg
1203_2.jpg,1203.jpg
1204_2.jpg,1204.jpg
1205_2.jpg,1205.jpg
1206_2.jpg,1206.jpg
1207_2.jpg,1207.jpg
1208_2.jpg,1208.jpg
1209_2.jpg,1209.jpg
1210_2.jpg,1210.jpg
1211_2.jpg,1211.jpg
1212_2.jpg,1212.jpg
1213_2.jpg,1213.jpg
1214_2.jpg,1214.jpg
1215_2.jpg,1215.jpg
1216_2.jpg,1216.jpg
1217_2.jpg,1217.jpg
1218_2.jpg,1218.jpg
1219_2.jpg,1219.jpg
1220_2.jpg,1220.jpg
1221_2.jpg,1221.jpg
1222_2.jpg,1222.jpg
1223_2.jpg,1223.jpg
1224_2.jpg,1224.jpg
1225_2.jpg,1225.jpg
1226_2.jpg,1226.jpg
1227_2.jpg,1227.jpg
1228_2.jpg,1228.jpg
1229_2.jpg,1229.jpg
1230_2.jpg,1230.jpg
1231_2.jpg,1231.jpg
1232_2.jpg,1232.jpg
1233_2.jpg,1233.jpg
1234_2.jpg,1234.jpg
1235_2.jpg,1235.jpg
1236_2.jpg,1236.jpg
1237_2.jpg,1237.jpg
1238_2.jpg,1238.jpg
1239_2.jpg,1239.jpg
1240_2.jpg,1240.jpg
1241_2.jpg,1241.jpg
1242_2.jpg,1242.jpg
1243_2.jpg,1243.jpg
1244_2.jpg,1244.jpg
1245_2.jpg,1245.jpg
1246_2.jpg,1246.jpg
1247_2.jpg,1247.jpg
1248_2.jpg,1248.jpg
1249_2.jpg,1249.jpg
1250_2.jpg,1250.jpg
1251_2.jpg,1251.jpg
1252_2.jpg,1252.jpg
1253_2.jpg,1253.jpg
1254_2.jpg,1254.jpg
1_4.jpg,1.jpg
2_4.jpg,2.jpg
3_4.jpg,3.jpg
4_4.jpg,4.jpg
5_4.jpg,5.jpg
6_4.jpg,6.jpg
7_4.jpg,7.jpg
8_4.jpg,8.jpg
9_4.jpg,9.jpg
10_4.jpg,10.jpg
11_4.jpg,11.jpg
12_4.jpg,12.jpg
13_4.jpg,13.jpg
14_4.jpg,14.jpg
15_4.jpg,15.jpg
16_4.jpg,16.jpg
17_4.jpg,17.jpg
18_4.jpg,18.jpg
19_4.jpg,19.jpg
20_4.jpg,20.jpg
21_4.jpg,21.jpg
22_4.jpg,22.jpg
23_4.jpg,23.jpg
24_4.jpg,24.jpg
25_4.jpg,25.jpg
26_4.jpg,26.jpg
27_4.jpg,27.jpg
28_4.jpg,28.jpg
29_4.jpg,29.jpg
30_4.jpg,30.jpg
31_4.jpg,31.jpg
32_4.jpg,32.jpg
33_4.jpg,33.jpg
34_4.jpg,34.jpg
35_4.jpg,35.jpg
36_4.jpg,36.jpg
37_4.jpg,37.jpg
38_4.jpg,38.jpg
39_4.jpg,39.jpg
40_4.jpg,40.jpg
41_4.jpg,41.jpg
42_4.jpg,42.jpg
43_4.jpg,43.jpg
44_4.jpg,44.jpg
45_4.jpg,45.jpg
46_4.jpg,46.jpg
47_4.jpg,47.jpg
48_4.jpg,48.jpg
49_4.jpg,49.jpg
50_4.jpg,50.jpg
51_4.jpg,51.jpg
52_4.jpg,52.jpg
53_4.jpg,53.jpg
54_4.jpg,54.jpg
55_4.jpg,55.jpg
56_4.jpg,56.jpg
57_4.jpg,57.jpg
58_4.jpg,58.jpg
59_4.jpg,59.jpg
60_4.jpg,60.jpg
61_4.jpg,61.jpg
62_4.jpg,62.jpg
63_4.jpg,63.jpg
64_4.jpg,64.jpg
65_4.jpg,65.jpg
66_4.jpg,66.jpg
67_4.jpg,67.jpg
68_4.jpg,68.jpg
69_4.jpg,69.jpg
70_4.jpg,70.jpg
71_4.jpg,71.jpg
72_4.jpg,72.jpg
73_4.jpg,73.jpg
74_4.jpg,74.jpg
75_4.jpg,75.jpg
76_4.jpg,76.jpg
77_4.jpg,77.jpg
78_4.jpg,78.jpg
79_4.jpg,79.jpg
80_4.jpg,80.jpg
81_4.jpg,81.jpg
82_4.jpg,82.jpg
83_4.jpg,83.jpg
84_4.jpg,84.jpg
85_4.jpg,85.jpg
86_4.jpg,86.jpg
87_4.jpg,87.jpg
88_4.jpg,88.jpg
89_4.jpg,89.jpg
90_4.jpg,90.jpg
91_4.jpg,91.jpg
92_4.jpg,92.jpg
93_4.jpg,93.jpg
94_4.jpg,94.jpg
95_4.jpg,95.jpg
96_4.jpg,96.jpg
97_4.jpg,97.jpg
98_4.jpg,98.jpg
99_4.jpg,99.jpg
100_4.jpg,100.jpg
101_4.jpg,101.jpg
102_4.jpg,102.jpg
103_4.jpg,103.jpg
104_4.jpg,104.jpg
105_4.jpg,105.jpg
106_4.jpg,106.jpg
107_4.jpg,107.jpg
108_4.jpg,108.jpg
109_4.jpg,109.jpg
110_4.jpg,110.jpg
111_4.jpg,111.jpg
112_4.jpg,112.jpg
113_4.jpg,113.jpg
114_4.jpg,114.jpg
115_4.jpg,115.jpg
116_4.jpg,116.jpg
117_4.jpg,117.jpg
118_4.jpg,118.jpg
119_4.jpg,119.jpg
120_4.jpg,120.jpg
121_4.jpg,121.jpg
122_4.jpg,122.jpg
123_4.jpg,123.jpg
124_4.jpg,124.jpg
125_4.jpg,125.jpg
126_4.jpg,126.jpg
127_4.jpg,127.jpg
128_4.jpg,128.jpg
129_4.jpg,129.jpg
130_4.jpg,130.jpg
131_4.jpg,131.jpg
132_4.jpg,132.jpg
133_4.jpg,133.jpg
134_4.jpg,134.jpg
135_4.jpg,135.jpg
136_4.jpg,136.jpg
137_4.jpg,137.jpg
138_4.jpg,138.jpg
139_4.jpg,139.jpg
140_4.jpg,140.jpg
141_4.jpg,141.jpg
142_4.jpg,142.jpg
143_4.jpg,143.jpg
144_4.jpg,144.jpg
145_4.jpg,145.jpg
146_4.jpg,146.jpg
147_4.jpg,147.jpg
148_4.jpg,148.jpg
149_4.jpg,149.jpg
150_4.jpg,150.jpg
151_4.jpg,151.jpg
152_4.jpg,152.jpg
153_4.jpg,153.jpg
154_4.jpg,154.jpg
155_4.jpg,155.jpg
156_4.jpg,156.jpg
157_4.jpg,157.jpg
158_4.jpg,158.jpg
159_4.jpg,159.jpg
160_4.jpg,160.jpg
161_4.jpg,161.jpg
162_4.jpg,162.jpg
163_4.jpg,163.jpg
164_4.jpg,164.jpg
165_4.jpg,165.jpg
166_4.jpg,166.jpg
167_4.jpg,167.jpg
168_4.jpg,168.jpg
169_4.jpg,169.jpg
170_4.jpg,170.jpg
171_4.jpg,171.jpg
172_4.jpg,172.jpg
173_4.jpg,173.jpg
174_4.jpg,174.jpg
175_4.jpg,175.jpg
176_4.jpg,176.jpg
177_4.jpg,177.jpg
178_4.jpg,178.jpg
179_4.jpg,179.jpg
180_4.jpg,180.jpg
181_4.jpg,181.jpg
182_4.jpg,182.jpg
183_4.jpg,183.jpg
184_4.jpg,184.jpg
185_4.jpg,185.jpg
186_4.jpg,186.jpg
187_4.jpg,187.jpg
188_4.jpg,188.jpg
189_4.jpg,189.jpg
190_4.jpg,190.jpg
191_4.jpg,191.jpg
192_4.jpg,192.jpg
193_4.jpg,193.jpg
194_4.jpg,194.jpg
195_4.jpg,195.jpg
196_4.jpg,196.jpg
197_4.jpg,197.jpg
198_4.jpg,198.jpg
199_4.jpg,199.jpg
200_4.jpg,200.jpg
201_4.jpg,201.jpg
202_4.jpg,202.jpg
203_4.jpg,203.jpg
204_4.jpg,204.jpg
205_4.jpg,205.jpg
206_4.jpg,206.jpg
207_4.jpg,207.jpg
208_4.jpg,208.jpg
209_4.jpg,209.jpg
210_4.jpg,210.jpg
211_4.jpg,211.jpg
212_4.jpg,212.jpg
213_4.jpg,213.jpg
214_4.jpg,214.jpg
215_4.jpg,215.jpg
216_4.jpg,216.jpg
217_4.jpg,217.jpg
218_4.jpg,218.jpg
219_4.jpg,219.jpg
220_4.jpg,220.jpg
221_4.jpg,221.jpg
222_4.jpg,222.jpg
223_4.jpg,223.jpg
224_4.jpg,224.jpg
225_4.jpg,225.jpg
226_4.jpg,226.jpg
227_4.jpg,227.jpg
228_4.jpg,228.jpg
229_4.jpg,229.jpg
230_4.jpg,230.jpg
231_4.jpg,231.jpg
232_4.jpg,232.jpg
233_4.jpg,233.jpg
234_4.jpg,234.jpg
235_4.jpg,235.jpg
236_4.jpg,236.jpg
237_4.jpg,237.jpg
238_4.jpg,238.jpg
239_4.jpg,239.jpg
240_4.jpg,240.jpg
241_4.jpg,241.jpg
242_4.jpg,242.jpg
243_4.jpg,243.jpg
244_4.jpg,244.jpg
245_4.jpg,245.jpg
246_4.jpg,246.jpg
247_4.jpg,247.jpg
248_4.jpg,248.jpg
249_4.jpg,249.jpg
250_4.jpg,250.jpg
251_4.jpg,251.jpg
252_4.jpg,252.jpg
253_4.jpg,253.jpg
254_4.jpg,254.jpg
255_4.jpg,255.jpg
256_4.jpg,256.jpg
257_4.jpg,257.jpg
258_4.jpg,258.jpg
259_4.jpg,259.jpg
260_4.jpg,260.jpg
261_4.jpg,261.jpg
262_4.jpg,262.jpg
263_4.jpg,263.jpg
264_4.jpg,264.jpg
265_4.jpg,265.jpg
266_4.jpg,266.jpg
267_4.jpg,267.jpg
268_4.jpg,268.jpg
269_4.jpg,269.jpg
270_4.jpg,270.jpg
271_4.jpg,271.jpg
272_4.jpg,272.jpg
273_4.jpg,273.jpg
274_4.jpg,274.jpg
275_4.jpg,275.jpg
276_4.jpg,276.jpg
277_4.jpg,277.jpg
278_4.jpg,278.jpg
279_4.jpg,279.jpg
280_4.jpg,280.jpg
281_4.jpg,281.jpg
282_4.jpg,282.jpg
283_4.jpg,283.jpg
284_4.jpg,284.jpg
285_4.jpg,285.jpg
286_4.jpg,286.jpg
287_4.jpg,287.jpg
288_4.jpg,288.jpg
289_4.jpg,289.jpg
290_4.jpg,290.jpg
291_4.jpg,291.jpg
292_4.jpg,292.jpg
293_4.jpg,293.jpg
294_4.jpg,294.jpg
295_4.jpg,295.jpg
296_4.jpg,296.jpg
297_4.jpg,297.jpg
298_4.jpg,298.jpg
299_4.jpg,299.jpg
300_4.jpg,300.jpg
301_4.jpg,301.jpg
302_4.jpg,302.jpg
303_4.jpg,303.jpg
304_4.jpg,304.jpg
305_4.jpg,305.jpg
306_4.jpg,306.jpg
307_4.jpg,307.jpg
308_4.jpg,308.jpg
309_4.jpg,309.jpg
310_4.jpg,310.jpg
311_4.jpg,311.jpg
312_4.jpg,312.jpg
313_4.jpg,313.jpg
314_4.jpg,314.jpg
315_4.jpg,315.jpg
316_4.jpg,316.jpg
317_4.jpg,317.jpg
318_4.jpg,318.jpg
319_4.jpg,319.jpg
320_4.jpg,320.jpg
321_4.jpg,321.jpg
322_4.jpg,322.jpg
323_4.jpg,323.jpg
324_4.jpg,324.jpg
325_4.jpg,325.jpg
326_4.jpg,326.jpg
327_4.jpg,327.jpg
328_4.jpg,328.jpg
329_4.jpg,329.jpg
330_4.jpg,330.jpg
331_4.jpg,331.jpg
332_4.jpg,332.jpg
333_4.jpg,333.jpg
334_4.jpg,334.jpg
335_4.jpg,335.jpg
336_4.jpg,336.jpg
337_4.jpg,337.jpg
338_4.jpg,338.jpg
339_4.jpg,339.jpg
340_4.jpg,340.jpg
341_4.jpg,341.jpg
342_4.jpg,342.jpg
343_4.jpg,343.jpg
344_4.jpg,344.jpg
345_4.jpg,345.jpg
346_4.jpg,346.jpg
347_4.jpg,347.jpg
348_4.jpg,348.jpg
349_4.jpg,349.jpg
350_4.jpg,350.jpg
351_4.jpg,351.jpg
352_4.jpg,352.jpg
353_4.jpg,353.jpg
354_4.jpg,354.jpg
355_4.jpg,355.jpg
356_4.jpg,356.jpg
357_4.jpg,357.jpg
358_4.jpg,358.jpg
359_4.jpg,359.jpg
360_4.jpg,360.jpg
361_4.jpg,361.jpg
362_4.jpg,362.jpg
363_4.jpg,363.jpg
364_4.jpg,364.jpg
365_4.jpg,365.jpg
366_4.jpg,366.jpg
367_4.jpg,367.jpg
368_4.jpg,368.jpg
369_4.jpg,369.jpg
370_4.jpg,370.jpg
371_4.jpg,371.jpg
372_4.jpg,372.jpg
373_4.jpg,373.jpg
374_4.jpg,374.jpg
375_4.jpg,375.jpg
376_4.jpg,376.jpg
377_4.jpg,377.jpg
378_4.jpg,378.jpg
379_4.jpg,379.jpg
380_4.jpg,380.jpg
381_4.jpg,381.jpg
382_4.jpg,382.jpg
383_4.jpg,383.jpg
384_4.jpg,384.jpg
385_4.jpg,385.jpg
386_4.jpg,386.jpg
387_4.jpg,387.jpg
388_4.jpg,388.jpg
389_4.jpg,389.jpg
390_4.jpg,390.jpg
391_4.jpg,391.jpg
392_4.jpg,392.jpg
393_4.jpg,393.jpg
394_4.jpg,394.jpg
395_4.jpg,395.jpg
396_4.jpg,396.jpg
397_4.jpg,397.jpg
398_4.jpg,398.jpg
399_4.jpg,399.jpg
400_4.jpg,400.jpg
401_4.jpg,401.jpg
402_4.jpg,402.jpg
403_4.jpg,403.jpg
404_4.jpg,404.jpg
405_4.jpg,405.jpg
406_4.jpg,406.jpg
407_4.jpg,407.jpg
408_4.jpg,408.jpg
409_4.jpg,409.jpg
410_4.jpg,410.jpg
411_4.jpg,411.jpg
412_4.jpg,412.jpg
413_4.jpg,413.jpg
414_4.jpg,414.jpg
415_4.jpg,415.jpg
416_4.jpg,416.jpg
417_4.jpg,417.jpg
418_4.jpg,418.jpg
419_4.jpg,419.jpg
420_4.jpg,420.jpg
421_4.jpg,421.jpg
422_4.jpg,422.jpg
423_4.jpg,423.jpg
424_4.jpg,424.jpg
425_4.jpg,425.jpg
426_4.jpg,426.jpg
427_4.jpg,427.jpg
428_4.jpg,428.jpg
429_4.jpg,429.jpg
430_4.jpg,430.jpg
431_4.jpg,431.jpg
432_4.jpg,432.jpg
433_4.jpg,433.jpg
434_4.jpg,434.jpg
435_4.jpg,435.jpg
436_4.jpg,436.jpg
437_4.jpg,437.jpg
438_4.jpg,438.jpg
439_4.jpg,439.jpg
440_4.jpg,440.jpg
441_4.jpg,441.jpg
442_4.jpg,442.jpg
443_4.jpg,443.jpg
444_4.jpg,444.jpg
445_4.jpg,445.jpg
446_4.jpg,446.jpg
447_4.jpg,447.jpg
448_4.jpg,448.jpg
449_4.jpg,449.jpg
450_4.jpg,450.jpg
451_4.jpg,451.jpg
452_4.jpg,452.jpg
453_4.jpg,453.jpg
454_4.jpg,454.jpg
455_4.jpg,455.jpg
456_4.jpg,456.jpg
457_4.jpg,457.jpg
458_4.jpg,458.jpg
459_4.jpg,459.jpg
460_4.jpg,460.jpg
461_4.jpg,461.jpg
462_4.jpg,462.jpg
463_4.jpg,463.jpg
464_4.jpg,464.jpg
465_4.jpg,465.jpg
466_4.jpg,466.jpg
467_4.jpg,467.jpg
468_4.jpg,468.jpg
469_4.jpg,469.jpg
470_4.jpg,470.jpg
471_4.jpg,471.jpg
472_4.jpg,472.jpg
473_4.jpg,473.jpg
474_4.jpg,474.jpg
475_4.jpg,475.jpg
476_4.jpg,476.jpg
477_4.jpg,477.jpg
478_4.jpg,478.jpg
479_4.jpg,479.jpg
480_4.jpg,480.jpg
481_4.jpg,481.jpg
482_4.jpg,482.jpg
483_4.jpg,483.jpg
484_4.jpg,484.jpg
485_4.jpg,485.jpg
486_4.jpg,486.jpg
487_4.jpg,487.jpg
488_4.jpg,488.jpg
489_4.jpg,489.jpg
490_4.jpg,490.jpg
491_4.jpg,491.jpg
492_4.jpg,492.jpg
493_4.jpg,493.jpg
494_4.jpg,494.jpg
495_4.jpg,495.jpg
496_4.jpg,496.jpg
497_4.jpg,497.jpg
498_4.jpg,498.jpg
499_4.jpg,499.jpg
500_4.jpg,500.jpg
501_4.jpg,501.jpg
502_4.jpg,502.jpg
503_4.jpg,503.jpg
504_4.jpg,504.jpg
505_4.jpg,505.jpg
506_4.jpg,506.jpg
507_4.jpg,507.jpg
508_4.jpg,508.jpg
509_4.jpg,509.jpg
510_4.jpg,510.jpg
511_4.jpg,511.jpg
512_4.jpg,512.jpg
513_4.jpg,513.jpg
514_4.jpg,514.jpg
515_4.jpg,515.jpg
516_4.jpg,516.jpg
517_4.jpg,517.jpg
518_4.jpg,518.jpg
519_4.jpg,519.jpg
520_4.jpg,520.jpg
521_4.jpg,521.jpg
522_4.jpg,522.jpg
523_4.jpg,523.jpg
524_4.jpg,524.jpg
525_4.jpg,525.jpg
526_4.jpg,526.jpg
527_4.jpg,527.jpg
528_4.jpg,528.jpg
529_4.jpg,529.jpg
530_4.jpg,530.jpg
531_4.jpg,531.jpg
532_4.jpg,532.jpg
533_4.jpg,533.jpg
534_4.jpg,534.jpg
535_4.jpg,535.jpg
536_4.jpg,536.jpg
537_4.jpg,537.jpg
538_4.jpg,538.jpg
539_4.jpg,539.jpg
540_4.jpg,540.jpg
541_4.jpg,541.jpg
542_4.jpg,542.jpg
543_4.jpg,543.jpg
544_4.jpg,544.jpg
545_4.jpg,545.jpg
546_4.jpg,546.jpg
547_4.jpg,547.jpg
548_4.jpg,548.jpg
549_4.jpg,549.jpg
550_4.jpg,550.jpg
551_4.jpg,551.jpg
552_4.jpg,552.jpg
553_4.jpg,553.jpg
554_4.jpg,554.jpg
555_4.jpg,555.jpg
556_4.jpg,556.jpg
557_4.jpg,557.jpg
558_4.jpg,558.jpg
559_4.jpg,559.jpg
560_4.jpg,560.jpg
561_4.jpg,561.jpg
562_4.jpg,562.jpg
563_4.jpg,563.jpg
564_4.jpg,564.jpg
565_4.jpg,565.jpg
566_4.jpg,566.jpg
567_4.jpg,567.jpg
568_4.jpg,568.jpg
569_4.jpg,569.jpg
570_4.jpg,570.jpg
571_4.jpg,571.jpg
572_4.jpg,572.jpg
573_4.jpg,573.jpg
574_4.jpg,574.jpg
575_4.jpg,575.jpg
576_4.jpg,576.jpg
577_4.jpg,577.jpg
578_4.jpg,578.jpg
579_4.jpg,579.jpg
580_4.jpg,580.jpg
581_4.jpg,581.jpg
582_4.jpg,582.jpg
583_4.jpg,583.jpg
584_4.jpg,584.jpg
585_4.jpg,585.jpg
586_4.jpg,586.jpg
587_4.jpg,587.jpg
588_4.jpg,588.jpg
589_4.jpg,589.jpg
590_4.jpg,590.jpg
591_4.jpg,591.jpg
592_4.jpg,592.jpg
593_4.jpg,593.jpg
594_4.jpg,594.jpg
595_4.jpg,595.jpg
596_4.jpg,596.jpg
597_4.jpg,597.jpg
598_4.jpg,598.jpg
599_4.jpg,599.jpg
600_4.jpg,600.jpg
601_4.jpg,601.jpg
602_4.jpg,602.jpg
603_4.jpg,603.jpg
604_4.jpg,604.jpg
605_4.jpg,605.jpg
606_4.jpg,606.jpg
607_4.jpg,607.jpg
608_4.jpg,608.jpg
609_4.jpg,609.jpg
610_4.jpg,610.jpg
611_4.jpg,611.jpg
612_4.jpg,612.jpg
613_4.jpg,613.jpg
614_4.jpg,614.jpg
615_4.jpg,615.jpg
616_4.jpg,616.jpg
617_4.jpg,617.jpg
618_4.jpg,618.jpg
619_4.jpg,619.jpg
620_4.jpg,620.jpg
621_4.jpg,621.jpg
622_4.jpg,622.jpg
623_4.jpg,623.jpg
624_4.jpg,624.jpg
625_4.jpg,625.jpg
626_4.jpg,626.jpg
627_4.jpg,627.jpg
628_4.jpg,628.jpg
629_4.jpg,629.jpg
630_4.jpg,630.jpg
631_4.jpg,631.jpg
632_4.jpg,632.jpg
633_4.jpg,633.jpg
634_4.jpg,634.jpg
635_4.jpg,635.jpg
636_4.jpg,636.jpg
637_4.jpg,637.jpg
638_4.jpg,638.jpg
639_4.jpg,639.jpg
640_4.jpg,640.jpg
641_4.jpg,641.jpg
642_4.jpg,642.jpg
643_4.jpg,643.jpg
644_4.jpg,644.jpg
645_4.jpg,645.jpg
646_4.jpg,646.jpg
647_4.jpg,647.jpg
648_4.jpg,648.jpg
649_4.jpg,649.jpg
650_4.jpg,650.jpg
651_4.jpg,651.jpg
652_4.jpg,652.jpg
653_4.jpg,653.jpg
654_4.jpg,654.jpg
655_4.jpg,655.jpg
656_4.jpg,656.jpg
657_4.jpg,657.jpg
658_4.jpg,658.jpg
659_4.jpg,659.jpg
660_4.jpg,660.jpg
661_4.jpg,661.jpg
662_4.jpg,662.jpg
663_4.jpg,663.jpg
664_4.jpg,664.jpg
665_4.jpg,665.jpg
666_4.jpg,666.jpg
667_4.jpg,667.jpg
668_4.jpg,668.jpg
669_4.jpg,669.jpg
670_4.jpg,670.jpg
671_4.jpg,671.jpg
672_4.jpg,672.jpg
673_4.jpg,673.jpg
674_4.jpg,674.jpg
675_4.jpg,675.jpg
676_4.jpg,676.jpg
677_4.jpg,677.jpg
678_4.jpg,678.jpg
679_4.jpg,679.jpg
680_4.jpg,680.jpg
681_4.jpg,681.jpg
682_4.jpg,682.jpg
683_4.jpg,683.jpg
684_4.jpg,684.jpg
685_4.jpg,685.jpg
686_4.jpg,686.jpg
687_4.jpg,687.jpg
688_4.jpg,688.jpg
689_4.jpg,689.jpg
690_4.jpg,690.jpg
691_4.jpg,691.jpg
692_4.jpg,692.jpg
693_4.jpg,693.jpg
694_4.jpg,694.jpg
695_4.jpg,695.jpg
696_4.jpg,696.jpg
697_4.jpg,697.jpg
698_4.jpg,698.jpg
699_4.jpg,699.jpg
700_4.jpg,700.jpg
701_4.jpg,701.jpg
702_4.jpg,702.jpg
703_4.jpg,703.jpg
704_4.jpg,704.jpg
705_4.jpg,705.jpg
706_4.jpg,706.jpg
707_4.jpg,707.jpg
708_4.jpg,708.jpg
709_4.jpg,709.jpg
710_4.jpg,710.jpg
711_4.jpg,711.jpg
712_4.jpg,712.jpg
713_4.jpg,713.jpg
714_4.jpg,714.jpg
715_4.jpg,715.jpg
716_4.jpg,716.jpg
717_4.jpg,717.jpg
718_4.jpg,718.jpg
719_4.jpg,719.jpg
720_4.jpg,720.jpg
721_4.jpg,721.jpg
722_4.jpg,722.jpg
723_4.jpg,723.jpg
724_4.jpg,724.jpg
725_4.jpg,725.jpg
726_4.jpg,726.jpg
727_4.jpg,727.jpg
728_4.jpg,728.jpg
729_4.jpg,729.jpg
730_4.jpg,730.jpg
731_4.jpg,731.jpg
732_4.jpg,732.jpg
733_4.jpg,733.jpg
734_4.jpg,734.jpg
735_4.jpg,735.jpg
736_4.jpg,736.jpg
737_4.jpg,737.jpg
738_4.jpg,738.jpg
739_4.jpg,739.jpg
740_4.jpg,740.jpg
741_4.jpg,741.jpg
742_4.jpg,742.jpg
743_4.jpg,743.jpg
744_4.jpg,744.jpg
745_4.jpg,745.jpg
746_4.jpg,746.jpg
747_4.jpg,747.jpg
748_4.jpg,748.jpg
749_4.jpg,749.jpg
750_4.jpg,750.jpg
751_4.jpg,751.jpg
752_4.jpg,752.jpg
753_4.jpg,753.jpg
754_4.jpg,754.jpg
755_4.jpg,755.jpg
756_4.jpg,756.jpg
757_4.jpg,757.jpg
758_4.jpg,758.jpg
759_4.jpg,759.jpg
760_4.jpg,760.jpg
761_4.jpg,761.jpg
762_4.jpg,762.jpg
763_4.jpg,763.jpg
764_4.jpg,764.jpg
765_4.jpg,765.jpg
766_4.jpg,766.jpg
767_4.jpg,767.jpg
768_4.jpg,768.jpg
769_4.jpg,769.jpg
770_4.jpg,770.jpg
771_4.jpg,771.jpg
772_4.jpg,772.jpg
773_4.jpg,773.jpg
774_4.jpg,774.jpg
775_4.jpg,775.jpg
776_4.jpg,776.jpg
777_4.jpg,777.jpg
778_4.jpg,778.jpg
779_4.jpg,779.jpg
780_4.jpg,780.jpg
781_4.jpg,781.jpg
782_4.jpg,782.jpg
783_4.jpg,783.jpg
784_4.jpg,784.jpg
785_4.jpg,785.jpg
786_4.jpg,786.jpg
787_4.jpg,787.jpg
788_4.jpg,788.jpg
789_4.jpg,789.jpg
790_4.jpg,790.jpg
791_4.jpg,791.jpg
792_4.jpg,792.jpg
793_4.jpg,793.jpg
794_4.jpg,794.jpg
795_4.jpg,795.jpg
796_4.jpg,796.jpg
797_4.jpg,797.jpg
798_4.jpg,798.jpg
799_4.jpg,799.jpg
800_4.jpg,800.jpg
801_4.jpg,801.jpg
802_4.jpg,802.jpg
803_4.jpg,803.jpg
804_4.jpg,804.jpg
805_4.jpg,805.jpg
806_4.jpg,806.jpg
807_4.jpg,807.jpg
808_4.jpg,808.jpg
809_4.jpg,809.jpg
810_4.jpg,810.jpg
811_4.jpg,811.jpg
812_4.jpg,812.jpg
813_4.jpg,813.jpg
814_4.jpg,814.jpg
815_4.jpg,815.jpg
816_4.jpg,816.jpg
817_4.jpg,817.jpg
818_4.jpg,818.jpg
819_4.jpg,819.jpg
820_4.jpg,820.jpg
821_4.jpg,821.jpg
822_4.jpg,822.jpg
823_4.jpg,823.jpg
824_4.jpg,824.jpg
825_4.jpg,825.jpg
826_4.jpg,826.jpg
827_4.jpg,827.jpg
828_4.jpg,828.jpg
829_4.jpg,829.jpg
830_4.jpg,830.jpg
831_4.jpg,831.jpg
832_4.jpg,832.jpg
833_4.jpg,833.jpg
834_4.jpg,834.jpg
835_4.jpg,835.jpg
836_4.jpg,836.jpg
837_4.jpg,837.jpg
838_4.jpg,838.jpg
839_4.jpg,839.jpg
840_4.jpg,840.jpg
841_4.jpg,841.jpg
842_4.jpg,842.jpg
843_4.jpg,843.jpg
844_4.jpg,844.jpg
845_4.jpg,845.jpg
846_4.jpg,846.jpg
847_4.jpg,847.jpg
848_4.jpg,848.jpg
849_4.jpg,849.jpg
850_4.jpg,850.jpg
851_4.jpg,851.jpg
852_4.jpg,852.jpg
853_4.jpg,853.jpg
854_4.jpg,854.jpg
855_4.jpg,855.jpg
856_4.jpg,856.jpg
857_4.jpg,857.jpg
858_4.jpg,858.jpg
859_4.jpg,859.jpg
860_4.jpg,860.jpg
861_4.jpg,861.jpg
862_4.jpg,862.jpg
863_4.jpg,863.jpg
864_4.jpg,864.jpg
865_4.jpg,865.jpg
866_4.jpg,866.jpg
867_4.jpg,867.jpg
868_4.jpg,868.jpg
869_4.jpg,869.jpg
870_4.jpg,870.jpg
871_4.jpg,871.jpg
872_4.jpg,872.jpg
873_4.jpg,873.jpg
874_4.jpg,874.jpg
875_4.jpg,875.jpg
876_4.jpg,876.jpg
877_4.jpg,877.jpg
878_4.jpg,878.jpg
879_4.jpg,879.jpg
880_4.jpg,880.jpg
881_4.jpg,881.jpg
882_4.jpg,882.jpg
883_4.jpg,883.jpg
884_4.jpg,884.jpg
885_4.jpg,885.jpg
886_4.jpg,886.jpg
887_4.jpg,887.jpg
888_4.jpg,888.jpg
889_4.jpg,889.jpg
890_4.jpg,890.jpg
891_4.jpg,891.jpg
892_4.jpg,892.jpg
893_4.jpg,893.jpg
894_4.jpg,894.jpg
895_4.jpg,895.jpg
896_4.jpg,896.jpg
897_4.jpg,897.jpg
898_4.jpg,898.jpg
899_4.jpg,899.jpg
900_4.jpg,900.jpg
901_4.jpg,901.jpg
902_4.jpg,902.jpg
903_4.jpg,903.jpg
904_4.jpg,904.jpg
905_4.jpg,905.jpg
906_4.jpg,906.jpg
907_4.jpg,907.jpg
908_4.jpg,908.jpg
909_4.jpg,909.jpg
910_4.jpg,910.jpg
911_4.jpg,911.jpg
912_4.jpg,912.jpg
913_4.jpg,913.jpg
914_4.jpg,914.jpg
915_4.jpg,915.jpg
916_4.jpg,916.jpg
917_4.jpg,917.jpg
918_4.jpg,918.jpg
919_4.jpg,919.jpg
920_4.jpg,920.jpg
921_4.jpg,921.jpg
922_4.jpg,922.jpg
923_4.jpg,923.jpg
924_4.jpg,924.jpg
925_4.jpg,925.jpg
926_4.jpg,926.jpg
927_4.jpg,927.jpg
928_4.jpg,928.jpg
929_4.jpg,929.jpg
930_4.jpg,930.jpg
931_4.jpg,931.jpg
932_4.jpg,932.jpg
933_4.jpg,933.jpg
934_4.jpg,934.jpg
935_4.jpg,935.jpg
936_4.jpg,936.jpg
937_4.jpg,937.jpg
938_4.jpg,938.jpg
939_4.jpg,939.jpg
940_4.jpg,940.jpg
941_4.jpg,941.jpg
942_4.jpg,942.jpg
943_4.jpg,943.jpg
944_4.jpg,944.jpg
945_4.jpg,945.jpg
946_4.jpg,946.jpg
947_4.jpg,947.jpg
948_4.jpg,948.jpg
949_4.jpg,949.jpg
950_4.jpg,950.jpg
951_4.jpg,951.jpg
952_4.jpg,952.jpg
953_4.jpg,953.jpg
954_4.jpg,954.jpg
955_4.jpg,955.jpg
956_4.jpg,956.jpg
957_4.jpg,957.jpg
958_4.jpg,958.jpg
959_4.jpg,959.jpg
960_4.jpg,960.jpg
961_4.jpg,961.jpg
962_4.jpg,962.jpg
963_4.jpg,963.jpg
964_4.jpg,964.jpg
965_4.jpg,965.jpg
966_4.jpg,966.jpg
967_4.jpg,967.jpg
968_4.jpg,968.jpg
969_4.jpg,969.jpg
970_4.jpg,970.jpg
971_4.jpg,971.jpg
972_4.jpg,972.jpg
973_4.jpg,973.jpg
974_4.jpg,974.jpg
975_4.jpg,975.jpg
976_4.jpg,976.jpg
977_4.jpg,977.jpg
978_4.jpg,978.jpg
979_4.jpg,979.jpg
980_4.jpg,980.jpg
981_4.jpg,981.jpg
982_4.jpg,982.jpg
983_4.jpg,983.jpg
984_4.jpg,984.jpg
985_4.jpg,985.jpg
986_4.jpg,986.jpg
987_4.jpg,987.jpg
988_4.jpg,988.jpg
989_4.jpg,989.jpg
990_4.jpg,990.jpg
991_4.jpg,991.jpg
992_4.jpg,992.jpg
993_4.jpg,993.jpg
994_4.jpg,994.jpg
995_4.jpg,995.jpg
996_4.jpg,996.jpg
997_4.jpg,997.jpg
998_4.jpg,998.jpg
999_4.jpg,999.jpg
1000_4.jpg,1000.jpg
1001_4.jpg,1001.jpg
1002_4.jpg,1002.jpg
1003_4.jpg,1003.jpg
1004_4.jpg,1004.jpg
1005_4.jpg,1005.jpg
1006_4.jpg,1006.jpg
1007_4.jpg,1007.jpg
1008_4.jpg,1008.jpg
1009_4.jpg,1009.jpg
1010_4.jpg,1010.jpg
1011_4.jpg,1011.jpg
1012_4.jpg,1012.jpg
1013_4.jpg,1013.jpg
1014_4.jpg,1014.jpg
1015_4.jpg,1015.jpg
1016_4.jpg,1016.jpg
1017_4.jpg,1017.jpg
1018_4.jpg,1018.jpg
1019_4.jpg,1019.jpg
1020_4.jpg,1020.jpg
1021_4.jpg,1021.jpg
1022_4.jpg,1022.jpg
1023_4.jpg,1023.jpg
1024_4.jpg,1024.jpg
1025_4.jpg,1025.jpg
1026_4.jpg,1026.jpg
1027_4.jpg,1027.jpg
1028_4.jpg,1028.jpg
1029_4.jpg,1029.jpg
1030_4.jpg,1030.jpg
1031_4.jpg,1031.jpg
1032_4.jpg,1032.jpg
1033_4.jpg,1033.jpg
1034_4.jpg,1034.jpg
1035_4.jpg,1035.jpg
1036_4.jpg,1036.jpg
1037_4.jpg,1037.jpg
1038_4.jpg,1038.jpg
1039_4.jpg,1039.jpg
1040_4.jpg,1040.jpg
1041_4.jpg,1041.jpg
1042_4.jpg,1042.jpg
1043_4.jpg,1043.jpg
1044_4.jpg,1044.jpg
1045_4.jpg,1045.jpg
1046_4.jpg,1046.jpg
1047_4.jpg,1047.jpg
1048_4.jpg,1048.jpg
1049_4.jpg,1049.jpg
1050_4.jpg,1050.jpg
1051_4.jpg,1051.jpg
1052_4.jpg,1052.jpg
1053_4.jpg,1053.jpg
1054_4.jpg,1054.jpg
1055_4.jpg,1055.jpg
1056_4.jpg,1056.jpg
1057_4.jpg,1057.jpg
1058_4.jpg,1058.jpg
1059_4.jpg,1059.jpg
1060_4.jpg,1060.jpg
1061_4.jpg,1061.jpg
1062_4.jpg,1062.jpg
1063_4.jpg,1063.jpg
1064_4.jpg,1064.jpg
1065_4.jpg,1065.jpg
1066_4.jpg,1066.jpg
1067_4.jpg,1067.jpg
1068_4.jpg,1068.jpg
1069_4.jpg,1069.jpg
1070_4.jpg,1070.jpg
1071_4.jpg,1071.jpg
1072_4.jpg,1072.jpg
1073_4.jpg,1073.jpg
1074_4.jpg,1074.jpg
1075_4.jpg,1075.jpg
1076_4.jpg,1076.jpg
1077_4.jpg,1077.jpg
1078_4.jpg,1078.jpg
1079_4.jpg,1079.jpg
1080_4.jpg,1080.jpg
1081_4.jpg,1081.jpg
1082_4.jpg,1082.jpg
1083_4.jpg,1083.jpg
1084_4.jpg,1084.jpg
1085_4.jpg,1085.jpg
1086_4.jpg,1086.jpg
1087_4.jpg,1087.jpg
1088_4.jpg,1088.jpg
1089_4.jpg,1089.jpg
1090_4.jpg,1090.jpg
1091_4.jpg,1091.jpg
1092_4.jpg,1092.jpg
1093_4.jpg,1093.jpg
1094_4.jpg,1094.jpg
1095_4.jpg,1095.jpg
1096_4.jpg,1096.jpg
1097_4.jpg,1097.jpg
1098_4.jpg,1098.jpg
1099_4.jpg,1099.jpg
1100_4.jpg,1100.jpg
1101_4.jpg,1101.jpg
1102_4.jpg,1102.jpg
1103_4.jpg,1103.jpg
1104_4.jpg,1104.jpg
1105_4.jpg,1105.jpg
1106_4.jpg,1106.jpg
1107_4.jpg,1107.jpg
1108_4.jpg,1108.jpg
1109_4.jpg,1109.jpg
1110_4.jpg,1110.jpg
1111_4.jpg,1111.jpg
1112_4.jpg,1112.jpg
1113_4.jpg,1113.jpg
1114_4.jpg,1114.jpg
1115_4.jpg,1115.jpg
1116_4.jpg,1116.jpg
1117_4.jpg,1117.jpg
1118_4.jpg,1118.jpg
1119_4.jpg,1119.jpg
1120_4.jpg,1120.jpg
1121_4.jpg,1121.jpg
1122_4.jpg,1122.jpg
1123_4.jpg,1123.jpg
1124_4.jpg,1124.jpg
1125_4.jpg,1125.jpg
1126_4.jpg,1126.jpg
1127_4.jpg,1127.jpg
1128_4.jpg,1128.jpg
1129_4.jpg,1129.jpg
1130_4.jpg,1130.jpg
1131_4.jpg,1131.jpg
1132_4.jpg,1132.jpg
1133_4.jpg,1133.jpg
1134_4.jpg,1134.jpg
1135_4.jpg,1135.jpg
1136_4.jpg,1136.jpg
1137_4.jpg,1137.jpg
1138_4.jpg,1138.jpg
1139_4.jpg,1139.jpg
1140_4.jpg,1140.jpg
1141_4.jpg,1141.jpg
1142_4.jpg,1142.jpg
1143_4.jpg,1143.jpg
1144_4.jpg,1144.jpg
1145_4.jpg,1145.jpg
1146_4.jpg,1146.jpg
1147_4.jpg,1147.jpg
1148_4.jpg,1148.jpg
1149_4.jpg,1149.jpg
1150_4.jpg,1150.jpg
1151_4.jpg,1151.jpg
1152_4.jpg,1152.jpg
1153_4.jpg,1153.jpg
1154_4.jpg,1154.jpg
1155_4.jpg,1155.jpg
1156_4.jpg,1156.jpg
1157_4.jpg,1157.jpg
1158_4.jpg,1158.jpg
1159_4.jpg,1159.jpg
1160_4.jpg,1160.jpg
1161_4.jpg,1161.jpg
1162_4.jpg,1162.jpg
1163_4.jpg,1163.jpg
1164_4.jpg,1164.jpg
1165_4.jpg,1165.jpg
1166_4.jpg,1166.jpg
1167_4.jpg,1167.jpg
1168_4.jpg,1168.jpg
1169_4.jpg,1169.jpg
1170_4.jpg,1170.jpg
1171_4.jpg,1171.jpg
1172_4.jpg,1172.jpg
1173_4.jpg,1173.jpg
1174_4.jpg,1174.jpg
1175_4.jpg,1175.jpg
1176_4.jpg,1176.jpg
1177_4.jpg,1177.jpg
1178_4.jpg,1178.jpg
1179_4.jpg,1179.jpg
1180_4.jpg,1180.jpg
1181_4.jpg,1181.jpg
1182_4.jpg,1182.jpg
1183_4.jpg,1183.jpg
1184_4.jpg,1184.jpg
1185_4.jpg,1185.jpg
1186_4.jpg,1186.jpg
1187_4.jpg,1187.jpg
1188_4.jpg,1188.jpg
1189_4.jpg,1189.jpg
1190_4.jpg,1190.jpg
1191_4.jpg,1191.jpg
1192_4.jpg,1192.jpg
1193_4.jpg,1193.jpg
1194_4.jpg,1194.jpg
1195_4.jpg,1195.jpg
1196_4.jpg,1196.jpg
1197_4.jpg,1197.jpg
1198_4.jpg,1198.jpg
1199_4.jpg,1199.jpg
1200_4.jpg,1200.jpg
1201_4.jpg,1201.jpg
1202_4.jpg,1202.jpg
1203_4.jpg,1203.jpg
1204_4.jpg,1204.jpg
1205_4.jpg,1205.jpg
1206_4.jpg,1206.jpg
1207_4.jpg,1207.jpg
1208_4.jpg,1208.jpg
1209_4.jpg,1209.jpg
1210_4.jpg,1210.jpg
1211_4.jpg,1211.jpg
1212_4.jpg,1212.jpg
1213_4.jpg,1213.jpg
1214_4.jpg,1214.jpg
1215_4.jpg,1215.jpg
1216_4.jpg,1216.jpg
1217_4.jpg,1217.jpg
1218_4.jpg,1218.jpg
1219_4.jpg,1219.jpg
1220_4.jpg,1220.jpg
1221_4.jpg,1221.jpg
1222_4.jpg,1222.jpg
1223_4.jpg,1223.jpg
1224_4.jpg,1224.jpg
1225_4.jpg,1225.jpg
1226_4.jpg,1226.jpg
1227_4.jpg,1227.jpg
1228_4.jpg,1228.jpg
1229_4.jpg,1229.jpg
1230_4.jpg,1230.jpg
1231_4.jpg,1231.jpg
1232_4.jpg,1232.jpg
1233_4.jpg,1233.jpg
1234_4.jpg,1234.jpg
1235_4.jpg,1235.jpg
1236_4.jpg,1236.jpg
1237_4.jpg,1237.jpg
1238_4.jpg,1238.jpg
1239_4.jpg,1239.jpg
1240_4.jpg,1240.jpg
1241_4.jpg,1241.jpg
1242_4.jpg,1242.jpg
1243_4.jpg,1243.jpg
1244_4.jpg,1244.jpg
1245_4.jpg,1245.jpg
1246_4.jpg,1246.jpg
1247_4.jpg,1247.jpg
1248_4.jpg,1248.jpg
1249_4.jpg,1249.jpg
1250_4.jpg,1250.jpg
1251_4.jpg,1251.jpg
1252_4.jpg,1252.jpg
1253_4.jpg,1253.jpg
1254_4.jpg,1254.jpg
1_6.jpg,1.jpg
2_6.jpg,2.jpg
3_6.jpg,3.jpg
4_6.jpg,4.jpg
5_6.jpg,5.jpg
6_6.jpg,6.jpg
7_6.jpg,7.jpg
8_6.jpg,8.jpg
9_6.jpg,9.jpg
10_6.jpg,10.jpg
11_6.jpg,11.jpg
12_6.jpg,12.jpg
13_6.jpg,13.jpg
14_6.jpg,14.jpg
15_6.jpg,15.jpg
16_6.jpg,16.jpg
17_6.jpg,17.jpg
18_6.jpg,18.jpg
19_6.jpg,19.jpg
20_6.jpg,20.jpg
21_6.jpg,21.jpg
22_6.jpg,22.jpg
23_6.jpg,23.jpg
24_6.jpg,24.jpg
25_6.jpg,25.jpg
26_6.jpg,26.jpg
27_6.jpg,27.jpg
28_6.jpg,28.jpg
29_6.jpg,29.jpg
30_6.jpg,30.jpg
31_6.jpg,31.jpg
32_6.jpg,32.jpg
33_6.jpg,33.jpg
34_6.jpg,34.jpg
35_6.jpg,35.jpg
36_6.jpg,36.jpg
37_6.jpg,37.jpg
38_6.jpg,38.jpg
39_6.jpg,39.jpg
40_6.jpg,40.jpg
41_6.jpg,41.jpg
42_6.jpg,42.jpg
43_6.jpg,43.jpg
44_6.jpg,44.jpg
45_6.jpg,45.jpg
46_6.jpg,46.jpg
47_6.jpg,47.jpg
48_6.jpg,48.jpg
49_6.jpg,49.jpg
50_6.jpg,50.jpg
51_6.jpg,51.jpg
52_6.jpg,52.jpg
53_6.jpg,53.jpg
54_6.jpg,54.jpg
55_6.jpg,55.jpg
56_6.jpg,56.jpg
57_6.jpg,57.jpg
58_6.jpg,58.jpg
59_6.jpg,59.jpg
60_6.jpg,60.jpg
61_6.jpg,61.jpg
62_6.jpg,62.jpg
63_6.jpg,63.jpg
64_6.jpg,64.jpg
65_6.jpg,65.jpg
66_6.jpg,66.jpg
67_6.jpg,67.jpg
68_6.jpg,68.jpg
69_6.jpg,69.jpg
70_6.jpg,70.jpg
71_6.jpg,71.jpg
72_6.jpg,72.jpg
73_6.jpg,73.jpg
74_6.jpg,74.jpg
75_6.jpg,75.jpg
76_6.jpg,76.jpg
77_6.jpg,77.jpg
78_6.jpg,78.jpg
79_6.jpg,79.jpg
80_6.jpg,80.jpg
81_6.jpg,81.jpg
82_6.jpg,82.jpg
83_6.jpg,83.jpg
84_6.jpg,84.jpg
85_6.jpg,85.jpg
86_6.jpg,86.jpg
87_6.jpg,87.jpg
88_6.jpg,88.jpg
89_6.jpg,89.jpg
90_6.jpg,90.jpg
91_6.jpg,91.jpg
92_6.jpg,92.jpg
93_6.jpg,93.jpg
94_6.jpg,94.jpg
95_6.jpg,95.jpg
96_6.jpg,96.jpg
97_6.jpg,97.jpg
98_6.jpg,98.jpg
99_6.jpg,99.jpg
100_6.jpg,100.jpg
101_6.jpg,101.jpg
102_6.jpg,102.jpg
103_6.jpg,103.jpg
104_6.jpg,104.jpg
105_6.jpg,105.jpg
106_6.jpg,106.jpg
107_6.jpg,107.jpg
108_6.jpg,108.jpg
109_6.jpg,109.jpg
110_6.jpg,110.jpg
111_6.jpg,111.jpg
112_6.jpg,112.jpg
113_6.jpg,113.jpg
114_6.jpg,114.jpg
115_6.jpg,115.jpg
116_6.jpg,116.jpg
117_6.jpg,117.jpg
118_6.jpg,118.jpg
119_6.jpg,119.jpg
120_6.jpg,120.jpg
121_6.jpg,121.jpg
122_6.jpg,122.jpg
123_6.jpg,123.jpg
124_6.jpg,124.jpg
125_6.jpg,125.jpg
126_6.jpg,126.jpg
127_6.jpg,127.jpg
128_6.jpg,128.jpg
129_6.jpg,129.jpg
130_6.jpg,130.jpg
131_6.jpg,131.jpg
132_6.jpg,132.jpg
133_6.jpg,133.jpg
134_6.jpg,134.jpg
135_6.jpg,135.jpg
136_6.jpg,136.jpg
137_6.jpg,137.jpg
138_6.jpg,138.jpg
139_6.jpg,139.jpg
140_6.jpg,140.jpg
141_6.jpg,141.jpg
142_6.jpg,142.jpg
143_6.jpg,143.jpg
144_6.jpg,144.jpg
145_6.jpg,145.jpg
146_6.jpg,146.jpg
147_6.jpg,147.jpg
148_6.jpg,148.jpg
149_6.jpg,149.jpg
150_6.jpg,150.jpg
151_6.jpg,151.jpg
152_6.jpg,152.jpg
153_6.jpg,153.jpg
154_6.jpg,154.jpg
155_6.jpg,155.jpg
156_6.jpg,156.jpg
157_6.jpg,157.jpg
158_6.jpg,158.jpg
159_6.jpg,159.jpg
160_6.jpg,160.jpg
161_6.jpg,161.jpg
162_6.jpg,162.jpg
163_6.jpg,163.jpg
164_6.jpg,164.jpg
165_6.jpg,165.jpg
166_6.jpg,166.jpg
167_6.jpg,167.jpg
168_6.jpg,168.jpg
169_6.jpg,169.jpg
170_6.jpg,170.jpg
171_6.jpg,171.jpg
172_6.jpg,172.jpg
173_6.jpg,173.jpg
174_6.jpg,174.jpg
175_6.jpg,175.jpg
176_6.jpg,176.jpg
177_6.jpg,177.jpg
178_6.jpg,178.jpg
179_6.jpg,179.jpg
180_6.jpg,180.jpg
181_6.jpg,181.jpg
182_6.jpg,182.jpg
183_6.jpg,183.jpg
184_6.jpg,184.jpg
185_6.jpg,185.jpg
186_6.jpg,186.jpg
187_6.jpg,187.jpg
188_6.jpg,188.jpg
189_6.jpg,189.jpg
190_6.jpg,190.jpg
191_6.jpg,191.jpg
192_6.jpg,192.jpg
193_6.jpg,193.jpg
194_6.jpg,194.jpg
195_6.jpg,195.jpg
196_6.jpg,196.jpg
197_6.jpg,197.jpg
198_6.jpg,198.jpg
199_6.jpg,199.jpg
200_6.jpg,200.jpg
201_6.jpg,201.jpg
202_6.jpg,202.jpg
203_6.jpg,203.jpg
204_6.jpg,204.jpg
205_6.jpg,205.jpg
206_6.jpg,206.jpg
207_6.jpg,207.jpg
208_6.jpg,208.jpg
209_6.jpg,209.jpg
210_6.jpg,210.jpg
211_6.jpg,211.jpg
212_6.jpg,212.jpg
213_6.jpg,213.jpg
214_6.jpg,214.jpg
215_6.jpg,215.jpg
216_6.jpg,216.jpg
217_6.jpg,217.jpg
218_6.jpg,218.jpg
219_6.jpg,219.jpg
220_6.jpg,220.jpg
221_6.jpg,221.jpg
222_6.jpg,222.jpg
223_6.jpg,223.jpg
224_6.jpg,224.jpg
225_6.jpg,225.jpg
226_6.jpg,226.jpg
227_6.jpg,227.jpg
228_6.jpg,228.jpg
229_6.jpg,229.jpg
230_6.jpg,230.jpg
231_6.jpg,231.jpg
232_6.jpg,232.jpg
233_6.jpg,233.jpg
234_6.jpg,234.jpg
235_6.jpg,235.jpg
236_6.jpg,236.jpg
237_6.jpg,237.jpg
238_6.jpg,238.jpg
239_6.jpg,239.jpg
240_6.jpg,240.jpg
241_6.jpg,241.jpg
242_6.jpg,242.jpg
243_6.jpg,243.jpg
244_6.jpg,244.jpg
245_6.jpg,245.jpg
246_6.jpg,246.jpg
247_6.jpg,247.jpg
248_6.jpg,248.jpg
249_6.jpg,249.jpg
250_6.jpg,250.jpg
251_6.jpg,251.jpg
252_6.jpg,252.jpg
253_6.jpg,253.jpg
254_6.jpg,254.jpg
255_6.jpg,255.jpg
256_6.jpg,256.jpg
257_6.jpg,257.jpg
258_6.jpg,258.jpg
259_6.jpg,259.jpg
260_6.jpg,260.jpg
261_6.jpg,261.jpg
262_6.jpg,262.jpg
263_6.jpg,263.jpg
264_6.jpg,264.jpg
265_6.jpg,265.jpg
266_6.jpg,266.jpg
267_6.jpg,267.jpg
268_6.jpg,268.jpg
269_6.jpg,269.jpg
270_6.jpg,270.jpg
271_6.jpg,271.jpg
272_6.jpg,272.jpg
273_6.jpg,273.jpg
274_6.jpg,274.jpg
275_6.jpg,275.jpg
276_6.jpg,276.jpg
277_6.jpg,277.jpg
278_6.jpg,278.jpg
279_6.jpg,279.jpg
280_6.jpg,280.jpg
281_6.jpg,281.jpg
282_6.jpg,282.jpg
283_6.jpg,283.jpg
284_6.jpg,284.jpg
285_6.jpg,285.jpg
286_6.jpg,286.jpg
287_6.jpg,287.jpg
288_6.jpg,288.jpg
289_6.jpg,289.jpg
290_6.jpg,290.jpg
291_6.jpg,291.jpg
292_6.jpg,292.jpg
293_6.jpg,293.jpg
294_6.jpg,294.jpg
295_6.jpg,295.jpg
296_6.jpg,296.jpg
297_6.jpg,297.jpg
298_6.jpg,298.jpg
299_6.jpg,299.jpg
300_6.jpg,300.jpg
301_6.jpg,301.jpg
302_6.jpg,302.jpg
303_6.jpg,303.jpg
304_6.jpg,304.jpg
305_6.jpg,305.jpg
306_6.jpg,306.jpg
307_6.jpg,307.jpg
308_6.jpg,308.jpg
309_6.jpg,309.jpg
310_6.jpg,310.jpg
311_6.jpg,311.jpg
312_6.jpg,312.jpg
313_6.jpg,313.jpg
314_6.jpg,314.jpg
315_6.jpg,315.jpg
316_6.jpg,316.jpg
317_6.jpg,317.jpg
318_6.jpg,318.jpg
319_6.jpg,319.jpg
320_6.jpg,320.jpg
321_6.jpg,321.jpg
322_6.jpg,322.jpg
323_6.jpg,323.jpg
324_6.jpg,324.jpg
325_6.jpg,325.jpg
326_6.jpg,326.jpg
327_6.jpg,327.jpg
328_6.jpg,328.jpg
329_6.jpg,329.jpg
330_6.jpg,330.jpg
331_6.jpg,331.jpg
332_6.jpg,332.jpg
333_6.jpg,333.jpg
334_6.jpg,334.jpg
335_6.jpg,335.jpg
336_6.jpg,336.jpg
337_6.jpg,337.jpg
338_6.jpg,338.jpg
339_6.jpg,339.jpg
340_6.jpg,340.jpg
341_6.jpg,341.jpg
342_6.jpg,342.jpg
343_6.jpg,343.jpg
344_6.jpg,344.jpg
345_6.jpg,345.jpg
346_6.jpg,346.jpg
347_6.jpg,347.jpg
348_6.jpg,348.jpg
349_6.jpg,349.jpg
350_6.jpg,350.jpg
351_6.jpg,351.jpg
352_6.jpg,352.jpg
353_6.jpg,353.jpg
354_6.jpg,354.jpg
355_6.jpg,355.jpg
356_6.jpg,356.jpg
357_6.jpg,357.jpg
358_6.jpg,358.jpg
359_6.jpg,359.jpg
360_6.jpg,360.jpg
361_6.jpg,361.jpg
362_6.jpg,362.jpg
363_6.jpg,363.jpg
364_6.jpg,364.jpg
365_6.jpg,365.jpg
366_6.jpg,366.jpg
367_6.jpg,367.jpg
368_6.jpg,368.jpg
369_6.jpg,369.jpg
370_6.jpg,370.jpg
371_6.jpg,371.jpg
372_6.jpg,372.jpg
373_6.jpg,373.jpg
374_6.jpg,374.jpg
375_6.jpg,375.jpg
376_6.jpg,376.jpg
377_6.jpg,377.jpg
378_6.jpg,378.jpg
379_6.jpg,379.jpg
380_6.jpg,380.jpg
381_6.jpg,381.jpg
382_6.jpg,382.jpg
383_6.jpg,383.jpg
384_6.jpg,384.jpg
385_6.jpg,385.jpg
386_6.jpg,386.jpg
387_6.jpg,387.jpg
388_6.jpg,388.jpg
389_6.jpg,389.jpg
390_6.jpg,390.jpg
391_6.jpg,391.jpg
392_6.jpg,392.jpg
393_6.jpg,393.jpg
394_6.jpg,394.jpg
395_6.jpg,395.jpg
396_6.jpg,396.jpg
397_6.jpg,397.jpg
398_6.jpg,398.jpg
399_6.jpg,399.jpg
400_6.jpg,400.jpg
401_6.jpg,401.jpg
402_6.jpg,402.jpg
403_6.jpg,403.jpg
404_6.jpg,404.jpg
405_6.jpg,405.jpg
406_6.jpg,406.jpg
407_6.jpg,407.jpg
408_6.jpg,408.jpg
409_6.jpg,409.jpg
410_6.jpg,410.jpg
411_6.jpg,411.jpg
412_6.jpg,412.jpg
413_6.jpg,413.jpg
414_6.jpg,414.jpg
415_6.jpg,415.jpg
416_6.jpg,416.jpg
417_6.jpg,417.jpg
418_6.jpg,418.jpg
419_6.jpg,419.jpg
420_6.jpg,420.jpg
421_6.jpg,421.jpg
422_6.jpg,422.jpg
423_6.jpg,423.jpg
424_6.jpg,424.jpg
425_6.jpg,425.jpg
426_6.jpg,426.jpg
427_6.jpg,427.jpg
428_6.jpg,428.jpg
429_6.jpg,429.jpg
430_6.jpg,430.jpg
431_6.jpg,431.jpg
432_6.jpg,432.jpg
433_6.jpg,433.jpg
434_6.jpg,434.jpg
435_6.jpg,435.jpg
436_6.jpg,436.jpg
437_6.jpg,437.jpg
438_6.jpg,438.jpg
439_6.jpg,439.jpg
440_6.jpg,440.jpg
441_6.jpg,441.jpg
442_6.jpg,442.jpg
443_6.jpg,443.jpg
444_6.jpg,444.jpg
445_6.jpg,445.jpg
446_6.jpg,446.jpg
447_6.jpg,447.jpg
448_6.jpg,448.jpg
449_6.jpg,449.jpg
450_6.jpg,450.jpg
451_6.jpg,451.jpg
452_6.jpg,452.jpg
453_6.jpg,453.jpg
454_6.jpg,454.jpg
455_6.jpg,455.jpg
456_6.jpg,456.jpg
457_6.jpg,457.jpg
458_6.jpg,458.jpg
459_6.jpg,459.jpg
460_6.jpg,460.jpg
461_6.jpg,461.jpg
462_6.jpg,462.jpg
463_6.jpg,463.jpg
464_6.jpg,464.jpg
465_6.jpg,465.jpg
466_6.jpg,466.jpg
467_6.jpg,467.jpg
468_6.jpg,468.jpg
469_6.jpg,469.jpg
470_6.jpg,470.jpg
471_6.jpg,471.jpg
472_6.jpg,472.jpg
473_6.jpg,473.jpg
474_6.jpg,474.jpg
475_6.jpg,475.jpg
476_6.jpg,476.jpg
477_6.jpg,477.jpg
478_6.jpg,478.jpg
479_6.jpg,479.jpg
480_6.jpg,480.jpg
481_6.jpg,481.jpg
482_6.jpg,482.jpg
483_6.jpg,483.jpg
484_6.jpg,484.jpg
485_6.jpg,485.jpg
486_6.jpg,486.jpg
487_6.jpg,487.jpg
488_6.jpg,488.jpg
489_6.jpg,489.jpg
490_6.jpg,490.jpg
491_6.jpg,491.jpg
492_6.jpg,492.jpg
493_6.jpg,493.jpg
494_6.jpg,494.jpg
495_6.jpg,495.jpg
496_6.jpg,496.jpg
497_6.jpg,497.jpg
498_6.jpg,498.jpg
499_6.jpg,499.jpg
500_6.jpg,500.jpg
501_6.jpg,501.jpg
502_6.jpg,502.jpg
503_6.jpg,503.jpg
504_6.jpg,504.jpg
505_6.jpg,505.jpg
506_6.jpg,506.jpg
507_6.jpg,507.jpg
508_6.jpg,508.jpg
509_6.jpg,509.jpg
510_6.jpg,510.jpg
511_6.jpg,511.jpg
512_6.jpg,512.jpg
513_6.jpg,513.jpg
514_6.jpg,514.jpg
515_6.jpg,515.jpg
516_6.jpg,516.jpg
517_6.jpg,517.jpg
518_6.jpg,518.jpg
519_6.jpg,519.jpg
520_6.jpg,520.jpg
521_6.jpg,521.jpg
522_6.jpg,522.jpg
523_6.jpg,523.jpg
524_6.jpg,524.jpg
525_6.jpg,525.jpg
526_6.jpg,526.jpg
527_6.jpg,527.jpg
528_6.jpg,528.jpg
529_6.jpg,529.jpg
530_6.jpg,530.jpg
531_6.jpg,531.jpg
532_6.jpg,532.jpg
533_6.jpg,533.jpg
534_6.jpg,534.jpg
535_6.jpg,535.jpg
536_6.jpg,536.jpg
537_6.jpg,537.jpg
538_6.jpg,538.jpg
539_6.jpg,539.jpg
540_6.jpg,540.jpg
541_6.jpg,541.jpg
542_6.jpg,542.jpg
543_6.jpg,543.jpg
544_6.jpg,544.jpg
545_6.jpg,545.jpg
546_6.jpg,546.jpg
547_6.jpg,547.jpg
548_6.jpg,548.jpg
549_6.jpg,549.jpg
550_6.jpg,550.jpg
551_6.jpg,551.jpg
552_6.jpg,552.jpg
553_6.jpg,553.jpg
554_6.jpg,554.jpg
555_6.jpg,555.jpg
556_6.jpg,556.jpg
557_6.jpg,557.jpg
558_6.jpg,558.jpg
559_6.jpg,559.jpg
560_6.jpg,560.jpg
561_6.jpg,561.jpg
562_6.jpg,562.jpg
563_6.jpg,563.jpg
564_6.jpg,564.jpg
565_6.jpg,565.jpg
566_6.jpg,566.jpg
567_6.jpg,567.jpg
568_6.jpg,568.jpg
569_6.jpg,569.jpg
570_6.jpg,570.jpg
571_6.jpg,571.jpg
572_6.jpg,572.jpg
573_6.jpg,573.jpg
574_6.jpg,574.jpg
575_6.jpg,575.jpg
576_6.jpg,576.jpg
577_6.jpg,577.jpg
578_6.jpg,578.jpg
579_6.jpg,579.jpg
580_6.jpg,580.jpg
581_6.jpg,581.jpg
582_6.jpg,582.jpg
583_6.jpg,583.jpg
584_6.jpg,584.jpg
585_6.jpg,585.jpg
586_6.jpg,586.jpg
587_6.jpg,587.jpg
588_6.jpg,588.jpg
589_6.jpg,589.jpg
590_6.jpg,590.jpg
591_6.jpg,591.jpg
592_6.jpg,592.jpg
593_6.jpg,593.jpg
594_6.jpg,594.jpg
595_6.jpg,595.jpg
596_6.jpg,596.jpg
597_6.jpg,597.jpg
598_6.jpg,598.jpg
599_6.jpg,599.jpg
600_6.jpg,600.jpg
601_6.jpg,601.jpg
602_6.jpg,602.jpg
603_6.jpg,603.jpg
604_6.jpg,604.jpg
605_6.jpg,605.jpg
606_6.jpg,606.jpg
607_6.jpg,607.jpg
608_6.jpg,608.jpg
609_6.jpg,609.jpg
610_6.jpg,610.jpg
611_6.jpg,611.jpg
612_6.jpg,612.jpg
613_6.jpg,613.jpg
614_6.jpg,614.jpg
615_6.jpg,615.jpg
616_6.jpg,616.jpg
617_6.jpg,617.jpg
618_6.jpg,618.jpg
619_6.jpg,619.jpg
620_6.jpg,620.jpg
621_6.jpg,621.jpg
622_6.jpg,622.jpg
623_6.jpg,623.jpg
624_6.jpg,624.jpg
625_6.jpg,625.jpg
626_6.jpg,626.jpg
627_6.jpg,627.jpg
628_6.jpg,628.jpg
629_6.jpg,629.jpg
630_6.jpg,630.jpg
631_6.jpg,631.jpg
632_6.jpg,632.jpg
633_6.jpg,633.jpg
634_6.jpg,634.jpg
635_6.jpg,635.jpg
636_6.jpg,636.jpg
637_6.jpg,637.jpg
638_6.jpg,638.jpg
639_6.jpg,639.jpg
640_6.jpg,640.jpg
641_6.jpg,641.jpg
642_6.jpg,642.jpg
643_6.jpg,643.jpg
644_6.jpg,644.jpg
645_6.jpg,645.jpg
646_6.jpg,646.jpg
647_6.jpg,647.jpg
648_6.jpg,648.jpg
649_6.jpg,649.jpg
650_6.jpg,650.jpg
651_6.jpg,651.jpg
652_6.jpg,652.jpg
653_6.jpg,653.jpg
654_6.jpg,654.jpg
655_6.jpg,655.jpg
656_6.jpg,656.jpg
657_6.jpg,657.jpg
658_6.jpg,658.jpg
659_6.jpg,659.jpg
660_6.jpg,660.jpg
661_6.jpg,661.jpg
662_6.jpg,662.jpg
663_6.jpg,663.jpg
664_6.jpg,664.jpg
665_6.jpg,665.jpg
666_6.jpg,666.jpg
667_6.jpg,667.jpg
668_6.jpg,668.jpg
669_6.jpg,669.jpg
670_6.jpg,670.jpg
671_6.jpg,671.jpg
672_6.jpg,672.jpg
673_6.jpg,673.jpg
674_6.jpg,674.jpg
675_6.jpg,675.jpg
676_6.jpg,676.jpg
677_6.jpg,677.jpg
678_6.jpg,678.jpg
679_6.jpg,679.jpg
680_6.jpg,680.jpg
681_6.jpg,681.jpg
682_6.jpg,682.jpg
683_6.jpg,683.jpg
684_6.jpg,684.jpg
685_6.jpg,685.jpg
686_6.jpg,686.jpg
687_6.jpg,687.jpg
688_6.jpg,688.jpg
689_6.jpg,689.jpg
690_6.jpg,690.jpg
691_6.jpg,691.jpg
692_6.jpg,692.jpg
693_6.jpg,693.jpg
694_6.jpg,694.jpg
695_6.jpg,695.jpg
696_6.jpg,696.jpg
697_6.jpg,697.jpg
698_6.jpg,698.jpg
699_6.jpg,699.jpg
700_6.jpg,700.jpg
701_6.jpg,701.jpg
702_6.jpg,702.jpg
703_6.jpg,703.jpg
704_6.jpg,704.jpg
705_6.jpg,705.jpg
706_6.jpg,706.jpg
707_6.jpg,707.jpg
708_6.jpg,708.jpg
709_6.jpg,709.jpg
710_6.jpg,710.jpg
711_6.jpg,711.jpg
712_6.jpg,712.jpg
713_6.jpg,713.jpg
714_6.jpg,714.jpg
715_6.jpg,715.jpg
716_6.jpg,716.jpg
717_6.jpg,717.jpg
718_6.jpg,718.jpg
719_6.jpg,719.jpg
720_6.jpg,720.jpg
721_6.jpg,721.jpg
722_6.jpg,722.jpg
723_6.jpg,723.jpg
724_6.jpg,724.jpg
725_6.jpg,725.jpg
726_6.jpg,726.jpg
727_6.jpg,727.jpg
728_6.jpg,728.jpg
729_6.jpg,729.jpg
730_6.jpg,730.jpg
731_6.jpg,731.jpg
732_6.jpg,732.jpg
733_6.jpg,733.jpg
734_6.jpg,734.jpg
735_6.jpg,735.jpg
736_6.jpg,736.jpg
737_6.jpg,737.jpg
738_6.jpg,738.jpg
739_6.jpg,739.jpg
740_6.jpg,740.jpg
741_6.jpg,741.jpg
742_6.jpg,742.jpg
743_6.jpg,743.jpg
744_6.jpg,744.jpg
745_6.jpg,745.jpg
746_6.jpg,746.jpg
747_6.jpg,747.jpg
748_6.jpg,748.jpg
749_6.jpg,749.jpg
750_6.jpg,750.jpg
751_6.jpg,751.jpg
752_6.jpg,752.jpg
753_6.jpg,753.jpg
754_6.jpg,754.jpg
755_6.jpg,755.jpg
756_6.jpg,756.jpg
757_6.jpg,757.jpg
758_6.jpg,758.jpg
759_6.jpg,759.jpg
760_6.jpg,760.jpg
761_6.jpg,761.jpg
762_6.jpg,762.jpg
763_6.jpg,763.jpg
764_6.jpg,764.jpg
765_6.jpg,765.jpg
766_6.jpg,766.jpg
767_6.jpg,767.jpg
768_6.jpg,768.jpg
769_6.jpg,769.jpg
770_6.jpg,770.jpg
771_6.jpg,771.jpg
772_6.jpg,772.jpg
773_6.jpg,773.jpg
774_6.jpg,774.jpg
775_6.jpg,775.jpg
776_6.jpg,776.jpg
777_6.jpg,777.jpg
778_6.jpg,778.jpg
779_6.jpg,779.jpg
780_6.jpg,780.jpg
781_6.jpg,781.jpg
782_6.jpg,782.jpg
783_6.jpg,783.jpg
784_6.jpg,784.jpg
785_6.jpg,785.jpg
786_6.jpg,786.jpg
787_6.jpg,787.jpg
788_6.jpg,788.jpg
789_6.jpg,789.jpg
790_6.jpg,790.jpg
791_6.jpg,791.jpg
792_6.jpg,792.jpg
793_6.jpg,793.jpg
794_6.jpg,794.jpg
795_6.jpg,795.jpg
796_6.jpg,796.jpg
797_6.jpg,797.jpg
798_6.jpg,798.jpg
799_6.jpg,799.jpg
800_6.jpg,800.jpg
801_6.jpg,801.jpg
802_6.jpg,802.jpg
803_6.jpg,803.jpg
804_6.jpg,804.jpg
805_6.jpg,805.jpg
806_6.jpg,806.jpg
807_6.jpg,807.jpg
808_6.jpg,808.jpg
809_6.jpg,809.jpg
810_6.jpg,810.jpg
811_6.jpg,811.jpg
812_6.jpg,812.jpg
813_6.jpg,813.jpg
814_6.jpg,814.jpg
815_6.jpg,815.jpg
816_6.jpg,816.jpg
817_6.jpg,817.jpg
818_6.jpg,818.jpg
819_6.jpg,819.jpg
820_6.jpg,820.jpg
821_6.jpg,821.jpg
822_6.jpg,822.jpg
823_6.jpg,823.jpg
824_6.jpg,824.jpg
825_6.jpg,825.jpg
826_6.jpg,826.jpg
827_6.jpg,827.jpg
828_6.jpg,828.jpg
829_6.jpg,829.jpg
830_6.jpg,830.jpg
831_6.jpg,831.jpg
832_6.jpg,832.jpg
833_6.jpg,833.jpg
834_6.jpg,834.jpg
835_6.jpg,835.jpg
836_6.jpg,836.jpg
837_6.jpg,837.jpg
838_6.jpg,838.jpg
839_6.jpg,839.jpg
840_6.jpg,840.jpg
841_6.jpg,841.jpg
842_6.jpg,842.jpg
843_6.jpg,843.jpg
844_6.jpg,844.jpg
845_6.jpg,845.jpg
846_6.jpg,846.jpg
847_6.jpg,847.jpg
848_6.jpg,848.jpg
849_6.jpg,849.jpg
850_6.jpg,850.jpg
851_6.jpg,851.jpg
852_6.jpg,852.jpg
853_6.jpg,853.jpg
854_6.jpg,854.jpg
855_6.jpg,855.jpg
856_6.jpg,856.jpg
857_6.jpg,857.jpg
858_6.jpg,858.jpg
859_6.jpg,859.jpg
860_6.jpg,860.jpg
861_6.jpg,861.jpg
862_6.jpg,862.jpg
863_6.jpg,863.jpg
864_6.jpg,864.jpg
865_6.jpg,865.jpg
866_6.jpg,866.jpg
867_6.jpg,867.jpg
868_6.jpg,868.jpg
869_6.jpg,869.jpg
870_6.jpg,870.jpg
871_6.jpg,871.jpg
872_6.jpg,872.jpg
873_6.jpg,873.jpg
874_6.jpg,874.jpg
875_6.jpg,875.jpg
876_6.jpg,876.jpg
877_6.jpg,877.jpg
878_6.jpg,878.jpg
879_6.jpg,879.jpg
880_6.jpg,880.jpg
881_6.jpg,881.jpg
882_6.jpg,882.jpg
883_6.jpg,883.jpg
884_6.jpg,884.jpg
885_6.jpg,885.jpg
886_6.jpg,886.jpg
887_6.jpg,887.jpg
888_6.jpg,888.jpg
889_6.jpg,889.jpg
890_6.jpg,890.jpg
891_6.jpg,891.jpg
892_6.jpg,892.jpg
893_6.jpg,893.jpg
894_6.jpg,894.jpg
895_6.jpg,895.jpg
896_6.jpg,896.jpg
897_6.jpg,897.jpg
898_6.jpg,898.jpg
899_6.jpg,899.jpg
900_6.jpg,900.jpg
901_6.jpg,901.jpg
902_6.jpg,902.jpg
903_6.jpg,903.jpg
904_6.jpg,904.jpg
905_6.jpg,905.jpg
906_6.jpg,906.jpg
907_6.jpg,907.jpg
908_6.jpg,908.jpg
909_6.jpg,909.jpg
910_6.jpg,910.jpg
911_6.jpg,911.jpg
912_6.jpg,912.jpg
913_6.jpg,913.jpg
914_6.jpg,914.jpg
915_6.jpg,915.jpg
916_6.jpg,916.jpg
917_6.jpg,917.jpg
918_6.jpg,918.jpg
919_6.jpg,919.jpg
920_6.jpg,920.jpg
921_6.jpg,921.jpg
922_6.jpg,922.jpg
923_6.jpg,923.jpg
924_6.jpg,924.jpg
925_6.jpg,925.jpg
926_6.jpg,926.jpg
927_6.jpg,927.jpg
928_6.jpg,928.jpg
929_6.jpg,929.jpg
930_6.jpg,930.jpg
931_6.jpg,931.jpg
932_6.jpg,932.jpg
933_6.jpg,933.jpg
934_6.jpg,934.jpg
935_6.jpg,935.jpg
936_6.jpg,936.jpg
937_6.jpg,937.jpg
938_6.jpg,938.jpg
939_6.jpg,939.jpg
940_6.jpg,940.jpg
941_6.jpg,941.jpg
942_6.jpg,942.jpg
943_6.jpg,943.jpg
944_6.jpg,944.jpg
945_6.jpg,945.jpg
946_6.jpg,946.jpg
947_6.jpg,947.jpg
948_6.jpg,948.jpg
949_6.jpg,949.jpg
950_6.jpg,950.jpg
951_6.jpg,951.jpg
952_6.jpg,952.jpg
953_6.jpg,953.jpg
954_6.jpg,954.jpg
955_6.jpg,955.jpg
956_6.jpg,956.jpg
957_6.jpg,957.jpg
958_6.jpg,958.jpg
959_6.jpg,959.jpg
960_6.jpg,960.jpg
961_6.jpg,961.jpg
962_6.jpg,962.jpg
963_6.jpg,963.jpg
964_6.jpg,964.jpg
965_6.jpg,965.jpg
966_6.jpg,966.jpg
967_6.jpg,967.jpg
968_6.jpg,968.jpg
969_6.jpg,969.jpg
970_6.jpg,970.jpg
971_6.jpg,971.jpg
972_6.jpg,972.jpg
973_6.jpg,973.jpg
974_6.jpg,974.jpg
975_6.jpg,975.jpg
976_6.jpg,976.jpg
977_6.jpg,977.jpg
978_6.jpg,978.jpg
979_6.jpg,979.jpg
980_6.jpg,980.jpg
981_6.jpg,981.jpg
982_6.jpg,982.jpg
983_6.jpg,983.jpg
984_6.jpg,984.jpg
985_6.jpg,985.jpg
986_6.jpg,986.jpg
987_6.jpg,987.jpg
988_6.jpg,988.jpg
989_6.jpg,989.jpg
990_6.jpg,990.jpg
991_6.jpg,991.jpg
992_6.jpg,992.jpg
993_6.jpg,993.jpg
994_6.jpg,994.jpg
995_6.jpg,995.jpg
996_6.jpg,996.jpg
997_6.jpg,997.jpg
998_6.jpg,998.jpg
999_6.jpg,999.jpg
1000_6.jpg,1000.jpg
1001_6.jpg,1001.jpg
1002_6.jpg,1002.jpg
1003_6.jpg,1003.jpg
1004_6.jpg,1004.jpg
1005_6.jpg,1005.jpg
1006_6.jpg,1006.jpg
1007_6.jpg,1007.jpg
1008_6.jpg,1008.jpg
1009_6.jpg,1009.jpg
1010_6.jpg,1010.jpg
1011_6.jpg,1011.jpg
1012_6.jpg,1012.jpg
1013_6.jpg,1013.jpg
1014_6.jpg,1014.jpg
1015_6.jpg,1015.jpg
1016_6.jpg,1016.jpg
1017_6.jpg,1017.jpg
1018_6.jpg,1018.jpg
1019_6.jpg,1019.jpg
1020_6.jpg,1020.jpg
1021_6.jpg,1021.jpg
1022_6.jpg,1022.jpg
1023_6.jpg,1023.jpg
1024_6.jpg,1024.jpg
1025_6.jpg,1025.jpg
1026_6.jpg,1026.jpg
1027_6.jpg,1027.jpg
1028_6.jpg,1028.jpg
1029_6.jpg,1029.jpg
1030_6.jpg,1030.jpg
1031_6.jpg,1031.jpg
1032_6.jpg,1032.jpg
1033_6.jpg,1033.jpg
1034_6.jpg,1034.jpg
1035_6.jpg,1035.jpg
1036_6.jpg,1036.jpg
1037_6.jpg,1037.jpg
1038_6.jpg,1038.jpg
1039_6.jpg,1039.jpg
1040_6.jpg,1040.jpg
1041_6.jpg,1041.jpg
1042_6.jpg,1042.jpg
1043_6.jpg,1043.jpg
1044_6.jpg,1044.jpg
1045_6.jpg,1045.jpg
1046_6.jpg,1046.jpg
1047_6.jpg,1047.jpg
1048_6.jpg,1048.jpg
1049_6.jpg,1049.jpg
1050_6.jpg,1050.jpg
1051_6.jpg,1051.jpg
1052_6.jpg,1052.jpg
1053_6.jpg,1053.jpg
1054_6.jpg,1054.jpg
1055_6.jpg,1055.jpg
1056_6.jpg,1056.jpg
1057_6.jpg,1057.jpg
1058_6.jpg,1058.jpg
1059_6.jpg,1059.jpg
1060_6.jpg,1060.jpg
1061_6.jpg,1061.jpg
1062_6.jpg,1062.jpg
1063_6.jpg,1063.jpg
1064_6.jpg,1064.jpg
1065_6.jpg,1065.jpg
1066_6.jpg,1066.jpg
1067_6.jpg,1067.jpg
1068_6.jpg,1068.jpg
1069_6.jpg,1069.jpg
1070_6.jpg,1070.jpg
1071_6.jpg,1071.jpg
1072_6.jpg,1072.jpg
1073_6.jpg,1073.jpg
1074_6.jpg,1074.jpg
1075_6.jpg,1075.jpg
1076_6.jpg,1076.jpg
1077_6.jpg,1077.jpg
1078_6.jpg,1078.jpg
1079_6.jpg,1079.jpg
1080_6.jpg,1080.jpg
1081_6.jpg,1081.jpg
1082_6.jpg,1082.jpg
1083_6.jpg,1083.jpg
1084_6.jpg,1084.jpg
1085_6.jpg,1085.jpg
1086_6.jpg,1086.jpg
1087_6.jpg,1087.jpg
1088_6.jpg,1088.jpg
1089_6.jpg,1089.jpg
1090_6.jpg,1090.jpg
1091_6.jpg,1091.jpg
1092_6.jpg,1092.jpg
1093_6.jpg,1093.jpg
1094_6.jpg,1094.jpg
1095_6.jpg,1095.jpg
1096_6.jpg,1096.jpg
1097_6.jpg,1097.jpg
1098_6.jpg,1098.jpg
1099_6.jpg,1099.jpg
1100_6.jpg,1100.jpg
1101_6.jpg,1101.jpg
1102_6.jpg,1102.jpg
1103_6.jpg,1103.jpg
1104_6.jpg,1104.jpg
1105_6.jpg,1105.jpg
1106_6.jpg,1106.jpg
1107_6.jpg,1107.jpg
1108_6.jpg,1108.jpg
1109_6.jpg,1109.jpg
1110_6.jpg,1110.jpg
1111_6.jpg,1111.jpg
1112_6.jpg,1112.jpg
1113_6.jpg,1113.jpg
1114_6.jpg,1114.jpg
1115_6.jpg,1115.jpg
1116_6.jpg,1116.jpg
1117_6.jpg,1117.jpg
1118_6.jpg,1118.jpg
1119_6.jpg,1119.jpg
1120_6.jpg,1120.jpg
1121_6.jpg,1121.jpg
1122_6.jpg,1122.jpg
1123_6.jpg,1123.jpg
1124_6.jpg,1124.jpg
1125_6.jpg,1125.jpg
1126_6.jpg,1126.jpg
1127_6.jpg,1127.jpg
1128_6.jpg,1128.jpg
1129_6.jpg,1129.jpg
1130_6.jpg,1130.jpg
1131_6.jpg,1131.jpg
1132_6.jpg,1132.jpg
1133_6.jpg,1133.jpg
1134_6.jpg,1134.jpg
1135_6.jpg,1135.jpg
1136_6.jpg,1136.jpg
1137_6.jpg,1137.jpg
1138_6.jpg,1138.jpg
1139_6.jpg,1139.jpg
1140_6.jpg,1140.jpg
1141_6.jpg,1141.jpg
1142_6.jpg,1142.jpg
1143_6.jpg,1143.jpg
1144_6.jpg,1144.jpg
1145_6.jpg,1145.jpg
1146_6.jpg,1146.jpg
1147_6.jpg,1147.jpg
1148_6.jpg,1148.jpg
1149_6.jpg,1149.jpg
1150_6.jpg,1150.jpg
1151_6.jpg,1151.jpg
1152_6.jpg,1152.jpg
1153_6.jpg,1153.jpg
1154_6.jpg,1154.jpg
1155_6.jpg,1155.jpg
1156_6.jpg,1156.jpg
1157_6.jpg,1157.jpg
1158_6.jpg,1158.jpg
1159_6.jpg,1159.jpg
1160_6.jpg,1160.jpg
1161_6.jpg,1161.jpg
1162_6.jpg,1162.jpg
1163_6.jpg,1163.jpg
1164_6.jpg,1164.jpg
1165_6.jpg,1165.jpg
1166_6.jpg,1166.jpg
1167_6.jpg,1167.jpg
1168_6.jpg,1168.jpg
1169_6.jpg,1169.jpg
1170_6.jpg,1170.jpg
1171_6.jpg,1171.jpg
1172_6.jpg,1172.jpg
1173_6.jpg,1173.jpg
1174_6.jpg,1174.jpg
1175_6.jpg,1175.jpg
1176_6.jpg,1176.jpg
1177_6.jpg,1177.jpg
1178_6.jpg,1178.jpg
1179_6.jpg,1179.jpg
1180_6.jpg,1180.jpg
1181_6.jpg,1181.jpg
1182_6.jpg,1182.jpg
1183_6.jpg,1183.jpg
1184_6.jpg,1184.jpg
1185_6.jpg,1185.jpg
1186_6.jpg,1186.jpg
1187_6.jpg,1187.jpg
1188_6.jpg,1188.jpg
1189_6.jpg,1189.jpg
1190_6.jpg,1190.jpg
1191_6.jpg,1191.jpg
1192_6.jpg,1192.jpg
1193_6.jpg,1193.jpg
1194_6.jpg,1194.jpg
1195_6.jpg,1195.jpg
1196_6.jpg,1196.jpg
1197_6.jpg,1197.jpg
1198_6.jpg,1198.jpg
1199_6.jpg,1199.jpg
1200_6.jpg,1200.jpg
1201_6.jpg,1201.jpg
1202_6.jpg,1202.jpg
1203_6.jpg,1203.jpg
1204_6.jpg,1204.jpg
1205_6.jpg,1205.jpg
1206_6.jpg,1206.jpg
1207_6.jpg,1207.jpg
1208_6.jpg,1208.jpg
1209_6.jpg,1209.jpg
1210_6.jpg,1210.jpg
1211_6.jpg,1211.jpg
1212_6.jpg,1212.jpg
1213_6.jpg,1213.jpg
1214_6.jpg,1214.jpg
1215_6.jpg,1215.jpg
1216_6.jpg,1216.jpg
1217_6.jpg,1217.jpg
1218_6.jpg,1218.jpg
1219_6.jpg,1219.jpg
1220_6.jpg,1220.jpg
1221_6.jpg,1221.jpg
1222_6.jpg,1222.jpg
1223_6.jpg,1223.jpg
1224_6.jpg,1224.jpg
1225_6.jpg,1225.jpg
1226_6.jpg,1226.jpg
1227_6.jpg,1227.jpg
1228_6.jpg,1228.jpg
1229_6.jpg,1229.jpg
1230_6.jpg,1230.jpg
1231_6.jpg,1231.jpg
1232_6.jpg,1232.jpg
1233_6.jpg,1233.jpg
1234_6.jpg,1234.jpg
1235_6.jpg,1235.jpg
1236_6.jpg,1236.jpg
1237_6.jpg,1237.jpg
1238_6.jpg,1238.jpg
1239_6.jpg,1239.jpg
1240_6.jpg,1240.jpg
1241_6.jpg,1241.jpg
1242_6.jpg,1242.jpg
1243_6.jpg,1243.jpg
1244_6.jpg,1244.jpg
1245_6.jpg,1245.jpg
1246_6.jpg,1246.jpg
1247_6.jpg,1247.jpg
1248_6.jpg,1248.jpg
1249_6.jpg,1249.jpg
1250_6.jpg,1250.jpg
1251_6.jpg,1251.jpg
1252_6.jpg,1252.jpg
1253_6.jpg,1253.jpg
1254_6.jpg,1254.jpg
